term,reading,meaning,pos,source_scope,source_type,difficulty,notes
合図,あいず,,,gaokao,official_curriculum_2020,3,官方普通高中日语课程标准词汇表，级别 5
アイドル,アイドル,,,gaokao,official_curriculum_2020,3,官方普通高中日语课程标准词汇表，级别 5
合う,あう,,,gaokao,official_curriculum_2020,2,官方普通高中日语课程标准词汇表，级别 4
上がる,あがる,,,gaokao,official_curriculum_2020,2,官方普通高中日语课程标准词汇表，级别 4
諦める,あきらめる,,,gaokao,official_curriculum_2020,3,官方普通高中日语课程标准词汇表，级别 5
朝寝坊,あさねぼう,,,gaokao,official_curriculum_2020,2,官方普通高中日语课程标准词汇表，级别 4
預かる,あずかる,,,gaokao,official_curriculum_2020,3,官方普通高中日语课程标准词汇表，级别 5
温める,あたためる,,,gaokao,official_curriculum_2020,2,官方普通高中日语课程标准词汇表，级别 4
扱う,あつかう,,,gaokao,official_curriculum_2020,3,官方普通高中日语课程标准词汇表，级别 5
あっさり,あっさり,,,gaokao,official_curriculum_2020,3,官方普通高中日语课程标准词汇表，级别 5
当てる,あてる,,,gaokao,official_curriculum_2020,3,官方普通高中日语课程标准词汇表，级别 5
アドバイス,アドバイス,,,gaokao,official_curriculum_2020,3,官方普通高中日语课程标准词汇表，级别 5
穴,あな,,,gaokao,official_curriculum_2020,2,官方普通高中日语课程标准词汇表，级别 4
浴びる,あびる,,,gaokao,official_curriculum_2020,3,官方普通高中日语课程标准词汇表，级别 5
油,あぶら,,,gaokao,official_curriculum_2020,2,官方普通高中日语课程标准词汇表，级别 4
謝る,あやまる,,,gaokao,official_curriculum_2020,2,官方普通高中日语课程标准词汇表，级别 4
粗筋,あらすじ,,,gaokao,official_curriculum_2020,2,官方普通高中日语课程标准词汇表，级别 4
争う,あらそう,,,gaokao,official_curriculum_2020,3,官方普通高中日语课程标准词汇表，级别 5
新た,あらた,,,gaokao,official_curriculum_2020,3,官方普通高中日语课程标准词汇表，级别 5
改める,あらためる,,,gaokao,official_curriculum_2020,3,官方普通高中日语课程标准词汇表，级别 5
表す,あらわす,,,gaokao,official_curriculum_2020,3,官方普通高中日语课程标准词汇表，级别 5
表れる,あらわれる,,,gaokao,official_curriculum_2020,2,官方普通高中日语课程标准词汇表，级别 4
合わせる,あわせる,,,gaokao,official_curriculum_2020,2,官方普通高中日语课程标准词汇表，级别 4
慌てる,あわてる,,,gaokao,official_curriculum_2020,2,官方普通高中日语课程标准词汇表，级别 4
アンケート,アンケート,,,gaokao,official_curriculum_2020,3,官方普通高中日语课程标准词汇表，级别 5
安心,あんしん,,,gaokao,official_curriculum_2020,2,官方普通高中日语课程标准词汇表，级别 4
安全,あんぜん,,,gaokao,official_curriculum_2020,2,官方普通高中日语课程标准词汇表，级别 4
案内,あんない,,,gaokao,official_curriculum_2020,2,官方普通高中日语课程标准词汇表，级别 4
胃,い,,,gaokao,official_curriculum_2020,3,官方普通高中日语课程标准词汇表，级别 5
以下,いか,,,gaokao,official_curriculum_2020,3,官方普通高中日语课程标准词汇表，级别 5
意義,いぎ,,,gaokao,official_curriculum_2020,2,官方普通高中日语课程标准词汇表，级别 4
勢い,いきおい,,,gaokao,official_curriculum_2020,3,官方普通高中日语课程标准词汇表，级别 5
生け花,いけばな,,,gaokao,official_curriculum_2020,3,官方普通高中日语课程标准词汇表，级别 5
意見,いけん,,,gaokao,official_curriculum_2020,2,官方普通高中日语课程标准词汇表，级别 4
遺産,いさん,,,gaokao,official_curriculum_2020,3,官方普通高中日语课程标准词汇表，级别 5
意志,いし,,,gaokao,official_curriculum_2020,2,官方普通高中日语课程标准词汇表，级别 4
意識,いしき,,,gaokao,official_curriculum_2020,3,官方普通高中日语课程标准词汇表，级别 5
衣食住,いしょくじゅう,,,gaokao,official_curriculum_2020,3,官方普通高中日语课程标准词汇表，级别 5
遺跡,いせき,,,gaokao,official_curriculum_2020,3,官方普通高中日语课程标准词汇表，级别 5
いただく,いただく,,,gaokao,official_curriculum_2020,2,官方普通高中日语课程标准词汇表，级别 4
位置,いち,,,gaokao,official_curriculum_2020,2,官方普通高中日语课程标准词汇表，级别 4
一生懸命,いっしょうけんめい,,,gaokao,official_curriculum_2020,2,官方普通高中日语课程标准词汇表，级别 4
いっそう,いっそう,,,gaokao,official_curriculum_2020,3,官方普通高中日语课程标准词汇表，级别 5
一般,いっぱん,,,gaokao,official_curriculum_2020,2,官方普通高中日语课程标准词汇表，级别 4
いとこ,いとこ,,,gaokao,official_curriculum_2020,2,官方普通高中日语课程标准词汇表，级别 4
稲,いね,,,gaokao,official_curriculum_2020,3,官方普通高中日语课程标准词汇表，级别 5
命,いのち,,,gaokao,official_curriculum_2020,3,官方普通高中日语课程标准词汇表，级别 5
祈る,いのる,,,gaokao,official_curriculum_2020,2,官方普通高中日语课程标准词汇表，级别 4
異文化,いぶんか,,,gaokao,official_curriculum_2020,3,官方普通高中日语课程标准词汇表，级别 5
イメージ,イメージ,,,gaokao,official_curriculum_2020,2,官方普通高中日语课程标准词汇表，级别 4
いらっしゃる,いらっしゃる,,,gaokao,official_curriculum_2020,2,官方普通高中日语课程标准词汇表，级别 4
岩,いわ,,,gaokao,official_curriculum_2020,2,官方普通高中日语课程标准词汇表，级别 4
祝う,いわう,,,gaokao,official_curriculum_2020,3,官方普通高中日语课程标准词汇表，级别 5
印象,いんしょう,,,gaokao,official_curriculum_2020,2,官方普通高中日语课程标准词汇表，级别 4
浮かぶ,うかぶ,,,gaokao,official_curriculum_2020,2,官方普通高中日语课程标准词汇表，级别 4
受け入れる,うけいれる,,,gaokao,official_curriculum_2020,3,官方普通高中日语课程标准词汇表，级别 5
受け継ぐ,うけつぐ,,,gaokao,official_curriculum_2020,3,官方普通高中日语课程标准词汇表，级别 5
受付,うけつけ,,,gaokao,official_curriculum_2020,2,官方普通高中日语课程标准词汇表，级别 4
受け取る,うけとる,,,gaokao,official_curriculum_2020,3,官方普通高中日语课程标准词汇表，级别 5
動かす,うごかす,,,gaokao,official_curriculum_2020,2,官方普通高中日语课程标准词汇表，级别 4
動く,うごく,,,gaokao,official_curriculum_2020,2,官方普通高中日语课程标准词汇表，级别 4
失う,うしなう,,,gaokao,official_curriculum_2020,3,官方普通高中日语课程标准词汇表，级别 5
うそ,うそ,,,gaokao,official_curriculum_2020,2,官方普通高中日语课程标准词汇表，级别 4
疑う,うたがう,,,gaokao,official_curriculum_2020,3,官方普通高中日语课程标准词汇表，级别 5
家,うち,,,gaokao,official_curriculum_2020,2,官方普通高中日语课程标准词汇表，级别 4
宇宙,うちゅう,,,gaokao,official_curriculum_2020,3,官方普通高中日语课程标准词汇表，级别 5
移す,うつす,,,gaokao,official_curriculum_2020,2,官方普通高中日语课程标准词汇表，级别 4
移り変わる,うつりかわる,,,gaokao,official_curriculum_2020,3,官方普通高中日语课程标准词汇表，级别 5
移る,うつる,,,gaokao,official_curriculum_2020,2,官方普通高中日语课程标准词汇表，级别 4
腕,うで,,,gaokao,official_curriculum_2020,2,官方普通高中日语课程标准词汇表，级别 4
うまい,うまい,,,gaokao,official_curriculum_2020,2,官方普通高中日语课程标准词汇表，级别 4
生む,うむ,,,gaokao,official_curriculum_2020,3,官方普通高中日语课程标准词汇表，级别 5
羨ましい,うらやましい,,,gaokao,official_curriculum_2020,2,官方普通高中日语课程标准词汇表，级别 4
運,うん,,,gaokao,official_curriculum_2020,3,官方普通高中日语课程标准词汇表，级别 5
運転,うんてん,,,gaokao,official_curriculum_2020,3,官方普通高中日语课程标准词汇表，级别 5
影響,えいきょう,,,gaokao,official_curriculum_2020,3,官方普通高中日语课程标准词汇表，级别 5
映像,えいぞう,,,gaokao,official_curriculum_2020,3,官方普通高中日语课程标准词汇表，级别 5
栄養,えいよう,,,gaokao,official_curriculum_2020,3,官方普通高中日语课程标准词汇表，级别 5
笑顔,えがお,,,gaokao,official_curriculum_2020,2,官方普通高中日语课程标准词汇表，级别 4
描く,えがく,,,gaokao,official_curriculum_2020,3,官方普通高中日语课程标准词汇表，级别 5
エコロジー,エコロジー,,,gaokao,official_curriculum_2020,3,官方普通高中日语课程标准词汇表，级别 5
枝,えだ,,,gaokao,official_curriculum_2020,3,官方普通高中日语课程标准词汇表，级别 5
偉い,えらい,,,gaokao,official_curriculum_2020,2,官方普通高中日语课程标准词汇表，级别 4
得る,える,,,gaokao,official_curriculum_2020,3,官方普通高中日语课程标准词汇表，级别 5
演じる,えんじる,,,gaokao,official_curriculum_2020,3,官方普通高中日语课程标准词汇表，级别 5
遠慮,えんりょ,,,gaokao,official_curriculum_2020,3,官方普通高中日语课程标准词汇表，级别 5
追いかける,おいかける,,,gaokao,official_curriculum_2020,3,官方普通高中日语课程标准词汇表，级别 5
追う,おう,,,gaokao,official_curriculum_2020,3,官方普通高中日语课程标准词汇表，级别 5
応援,おうえん,,,gaokao,official_curriculum_2020,3,官方普通高中日语课程标准词汇表，级别 5
往復,おうふく,,,gaokao,official_curriculum_2020,3,官方普通高中日语课程标准词汇表，级别 5
大いに,おおいに,,,gaokao,official_curriculum_2020,3,官方普通高中日语课程标准词汇表，级别 5
おおぜい,おおぜい,,,gaokao,official_curriculum_2020,2,官方普通高中日语课程标准词汇表，级别 4
おかしい,おかしい,,,gaokao,official_curriculum_2020,2,官方普通高中日语课程标准词汇表，级别 4
奥,おく,,,gaokao,official_curriculum_2020,2,官方普通高中日语课程标准词汇表，级别 4
奥さん,おくさん,,,gaokao,official_curriculum_2020,2,官方普通高中日语课程标准词汇表，级别 4
贈る,おくる,,,gaokao,official_curriculum_2020,2,官方普通高中日语课程标准词汇表，级别 4
起こす,おこす,,,gaokao,official_curriculum_2020,2,官方普通高中日语课程标准词汇表，级别 4
行う,おこなう,,,gaokao,official_curriculum_2020,2,官方普通高中日语课程标准词汇表，级别 4
起こる,おこる,,,gaokao,official_curriculum_2020,2,官方普通高中日语课程标准词汇表，级别 4
押さえる,おさえる,,,gaokao,official_curriculum_2020,3,官方普通高中日语课程标准词汇表，级别 5
惜しい,おしい,,,gaokao,official_curriculum_2020,3,官方普通高中日语课程标准词汇表，级别 5
おじぎ,おじぎ,,,gaokao,official_curriculum_2020,3,官方普通高中日语课程标准词汇表，级别 5
押す,おす,,,gaokao,official_curriculum_2020,3,官方普通高中日语课程标准词汇表，级别 5
おせち料理,おせちりょうり,,,gaokao,official_curriculum_2020,3,官方普通高中日语课程标准词汇表，级别 5
汚染,おせん,,,gaokao,official_curriculum_2020,3,官方普通高中日语课程标准词汇表，级别 5
恐れる,おそれる,,,gaokao,official_curriculum_2020,3,官方普通高中日语课程标准词汇表，级别 5
恐ろしい,おそろしい,,,gaokao,official_curriculum_2020,3,官方普通高中日语课程标准词汇表，级别 5
お互い,おたがい,,,gaokao,official_curriculum_2020,3,官方普通高中日语课程标准词汇表，级别 5
落ちる,おちる,,,gaokao,official_curriculum_2020,2,官方普通高中日语课程标准词汇表，级别 4
夫,おっと,,,gaokao,official_curriculum_2020,2,官方普通高中日语课程标准词汇表，级别 4
お年玉,おとしだま,,,gaokao,official_curriculum_2020,3,官方普通高中日语课程标准词汇表，级别 5
落とす,おとす,,,gaokao,official_curriculum_2020,2,官方普通高中日语课程标准词汇表，级别 4
訪れる,おとずれる,,,gaokao,official_curriculum_2020,3,官方普通高中日语课程标准词汇表，级别 5
おとなしい,おとなしい,,,gaokao,official_curriculum_2020,3,官方普通高中日语课程标准词汇表，级别 5
劣る,おとる,,,gaokao,official_curriculum_2020,3,官方普通高中日语课程标准词汇表，级别 5
驚く,おどろく,,,gaokao,official_curriculum_2020,2,官方普通高中日语课程标准词汇表，级别 4
思い出す,おもいだす,,,gaokao,official_curriculum_2020,2,官方普通高中日语课程标准词汇表，级别 4
思い出,おもいで,,,gaokao,official_curriculum_2020,3,官方普通高中日语课程标准词汇表，级别 5
おもちゃ,おもちゃ,,,gaokao,official_curriculum_2020,3,官方普通高中日语课程标准词汇表，级别 5
およそ,およそ,,,gaokao,official_curriculum_2020,3,官方普通高中日语课程标准词汇表，级别 5
降りる,おりる,,,gaokao,official_curriculum_2020,3,官方普通高中日语课程标准词汇表，级别 5
折る,おる,,,gaokao,official_curriculum_2020,3,官方普通高中日语课程标准词汇表，级别 5
折れる,おれる,,,gaokao,official_curriculum_2020,3,官方普通高中日语课程标准词汇表，级别 5
下ろす,おろす,,,gaokao,official_curriculum_2020,3,官方普通高中日语课程标准词汇表，级别 5
終わり,おわり,,,gaokao,official_curriculum_2020,3,官方普通高中日语课程标准词汇表，级别 5
温泉,おんせん,,,gaokao,official_curriculum_2020,2,官方普通高中日语课程标准词汇表，级别 4
温度,おんど,,,gaokao,official_curriculum_2020,3,官方普通高中日语课程标准词汇表，级别 5
カーテン,カーテン,,,gaokao,official_curriculum_2020,2,官方普通高中日语课程标准词汇表，级别 4
カード,カード,,,gaokao,official_curriculum_2020,2,官方普通高中日语课程标准词汇表，级别 4
海岸,かいがん,,,gaokao,official_curriculum_2020,3,官方普通高中日语课程标准词汇表，级别 5
会議,かいぎ,,,gaokao,official_curriculum_2020,2,官方普通高中日语课程标准词汇表，级别 4
解決,かいけつ,,,gaokao,official_curriculum_2020,3,官方普通高中日语课程标准词汇表，级别 5
解消,かいしょう,,,gaokao,official_curriculum_2020,3,官方普通高中日语课程标准词汇表，级别 5
ガイドブック,ガイドブック,,,gaokao,official_curriculum_2020,3,官方普通高中日语课程标准词汇表，级别 5
開発,かいはつ,,,gaokao,official_curriculum_2020,3,官方普通高中日语课程标准词汇表，级别 5
飼う,かう,,,gaokao,official_curriculum_2020,2,官方普通高中日语课程标准词汇表，级别 4
係,かかり,,,gaokao,official_curriculum_2020,2,官方普通高中日语课程标准词汇表，级别 4
嗅ぐ,かぐ,,,gaokao,official_curriculum_2020,3,官方普通高中日语课程标准词汇表，级别 5
核家族,かくかぞく,,,gaokao,official_curriculum_2020,3,官方普通高中日语课程标准词汇表，级别 5
隠す,かくす,,,gaokao,official_curriculum_2020,2,官方普通高中日语课程标准词汇表，级别 4
学生,がくせい,,,gaokao,official_curriculum_2020,2,官方普通高中日语课程标准词汇表，级别 4
学問,がくもん,,,gaokao,official_curriculum_2020,3,官方普通高中日语课程标准词汇表，级别 5
隠れる,かくれる,,,gaokao,official_curriculum_2020,3,官方普通高中日语课程标准词汇表，级别 5
影,かげ,,,gaokao,official_curriculum_2020,3,官方普通高中日语课程标准词汇表，级别 5
過去,かこ,,,gaokao,official_curriculum_2020,2,官方普通高中日语课程标准词汇表，级别 4
囲む,かこむ,,,gaokao,official_curriculum_2020,3,官方普通高中日语课程标准词汇表，级别 5
重ねる,かさねる,,,gaokao,official_curriculum_2020,3,官方普通高中日语课程标准词汇表，级别 5
飾り物,かざりもの,,,gaokao,official_curriculum_2020,3,官方普通高中日语课程标准词汇表，级别 5
飾る,かざる,,,gaokao,official_curriculum_2020,3,官方普通高中日语课程标准词汇表，级别 5
火事,かじ,,,gaokao,official_curriculum_2020,3,官方普通高中日语课程标准词汇表，级别 5
家事,かじ,,,gaokao,official_curriculum_2020,3,官方普通高中日语课程标准词汇表，级别 5
賢い,かしこい,,,gaokao,official_curriculum_2020,3,官方普通高中日语课程标准词汇表，级别 5
ガス,ガス,,,gaokao,official_curriculum_2020,2,官方普通高中日语课程标准词汇表，级别 4
肩,かた,,,gaokao,official_curriculum_2020,2,官方普通高中日语课程标准词汇表，级别 4
課題,かだい,,,gaokao,official_curriculum_2020,2,官方普通高中日语课程标准词汇表，级别 4
片づける,かたづける,,,gaokao,official_curriculum_2020,2,官方普通高中日语课程标准词汇表，级别 4
傾く,かたむく,,,gaokao,official_curriculum_2020,3,官方普通高中日语课程标准词汇表，级别 5
価値,かち,,,gaokao,official_curriculum_2020,3,官方普通高中日语课程标准词汇表，级别 5
がっかり,がっかり,,,gaokao,official_curriculum_2020,2,官方普通高中日语课程标准词汇表，级别 4
楽器,がっき,,,gaokao,official_curriculum_2020,3,官方普通高中日语课程标准词汇表，级别 5
活動,かつどう,,,gaokao,official_curriculum_2020,2,官方普通高中日语课程标准词汇表，级别 4
家庭,かてい,,,gaokao,official_curriculum_2020,2,官方普通高中日语课程标准词汇表，级别 4
角,かど,,,gaokao,official_curriculum_2020,2,官方普通高中日语课程标准词汇表，级别 4
必ず,かならず,,,gaokao,official_curriculum_2020,2,官方普通高中日语课程标准词汇表，级别 4
かなり,かなり,,,gaokao,official_curriculum_2020,2,官方普通高中日语课程标准词汇表，级别 4
可能,かのう,,,gaokao,official_curriculum_2020,3,官方普通高中日语课程标准词汇表，级别 5
歌舞伎,かぶき,,,gaokao,official_curriculum_2020,3,官方普通高中日语课程标准词汇表，级别 5
我慢,がまん,,,gaokao,official_curriculum_2020,3,官方普通高中日语课程标准词汇表，级别 5
かむ,かむ,,,gaokao,official_curriculum_2020,2,官方普通高中日语课程标准词汇表，级别 4
痒い,かゆい,,,gaokao,official_curriculum_2020,3,官方普通高中日语课程标准词汇表，级别 5
通う,かよう,,,gaokao,official_curriculum_2020,2,官方普通高中日语课程标准词汇表，级别 4
カリキュラム,カリキュラム,,,gaokao,official_curriculum_2020,3,官方普通高中日语课程标准词汇表，级别 5
枯れる,かれる,,,gaokao,official_curriculum_2020,2,官方普通高中日语课程标准词汇表，级别 4
カレンダー,カレンダー,,,gaokao,official_curriculum_2020,2,官方普通高中日语课程标准词汇表，级别 4
カロリー,カロリー,,,gaokao,official_curriculum_2020,3,官方普通高中日语课程标准词汇表，级别 5
皮,かわ,,,gaokao,official_curriculum_2020,2,官方普通高中日语课程标准词汇表，级别 4
かわいそう,かわいそう,,,gaokao,official_curriculum_2020,2,官方普通高中日语课程标准词汇表，级别 4
乾かす,かわかす,,,gaokao,official_curriculum_2020,3,官方普通高中日语课程标准词汇表，级别 5
乾く,かわく,,,gaokao,official_curriculum_2020,3,官方普通高中日语课程标准词汇表，级别 5
考え直す,かんがえなおす,,,gaokao,official_curriculum_2020,3,官方普通高中日语课程标准词汇表，级别 5
感覚,かんかく,,,gaokao,official_curriculum_2020,3,官方普通高中日语课程标准词汇表，级别 5
環境,かんきょう,,,gaokao,official_curriculum_2020,2,官方普通高中日语课程标准词汇表，级别 4
関係,かんけい,,,gaokao,official_curriculum_2020,2,官方普通高中日语课程标准词汇表，级别 4
観察,かんさつ,,,gaokao,official_curriculum_2020,3,官方普通高中日语课程标准词汇表，级别 5
感謝,かんしゃ,,,gaokao,official_curriculum_2020,2,官方普通高中日语课程标准词汇表，级别 4
感情,かんじょう,,,gaokao,official_curriculum_2020,2,官方普通高中日语课程标准词汇表，级别 4
勘定,かんじょう,,,gaokao,official_curriculum_2020,3,官方普通高中日语课程标准词汇表，级别 5
感心,かんしん,,,gaokao,official_curriculum_2020,2,官方普通高中日语课程标准词汇表，级别 4
関心,かんしん,,,gaokao,official_curriculum_2020,3,官方普通高中日语课程标准词汇表，级别 5
完成,かんせい,,,gaokao,official_curriculum_2020,3,官方普通高中日语课程标准词汇表，级别 5
間接,かんせつ,,,gaokao,official_curriculum_2020,2,官方普通高中日语课程标准词汇表，级别 4
完全,かんぜん,,,gaokao,official_curriculum_2020,3,官方普通高中日语课程标准词汇表，级别 5
感想,かんそう,,,gaokao,official_curriculum_2020,2,官方普通高中日语课程标准词汇表，级别 4
簡単,かんたん,,,gaokao,official_curriculum_2020,2,官方普通高中日语课程标准词汇表，级别 4
漢方薬,かんぽうやく,,,gaokao,official_curriculum_2020,3,官方普通高中日语课程标准词汇表，级别 5
消える,きえる,,,gaokao,official_curriculum_2020,3,官方普通高中日语课程标准词汇表，级别 5
記憶,きおく,,,gaokao,official_curriculum_2020,3,官方普通高中日语课程标准词汇表，级别 5
機械,きかい,,,gaokao,official_curriculum_2020,3,官方普通高中日语课程标准词汇表，级别 5
危険,きけん,,,gaokao,official_curriculum_2020,2,官方普通高中日语课程标准词汇表，级别 4
気候,きこう,,,gaokao,official_curriculum_2020,2,官方普通高中日语课程标准词汇表，级别 4
岸,きし,,,gaokao,official_curriculum_2020,3,官方普通高中日语课程标准词汇表，级别 5
技術,ぎじゅつ,,,gaokao,official_curriculum_2020,2,官方普通高中日语课程标准词汇表，级别 4
帰省,きせい,,,gaokao,official_curriculum_2020,3,官方普通高中日语课程标准词汇表，级别 5
着せる,きせる,,,gaokao,official_curriculum_2020,3,官方普通高中日语课程标准词汇表，级别 5
基礎,きそ,,,gaokao,official_curriculum_2020,2,官方普通高中日语课程标准词汇表，级别 4
規則,きそく,,,gaokao,official_curriculum_2020,2,官方普通高中日语课程标准词汇表，级别 4
期待,きたい,,,gaokao,official_curriculum_2020,3,官方普通高中日语课程标准词汇表，级别 5
鍛える,きたえる,,,gaokao,official_curriculum_2020,3,官方普通高中日语课程标准词汇表，级别 5
きちんと,きちんと,,,gaokao,official_curriculum_2020,3,官方普通高中日语课程标准词汇表，级别 5
気づく,きづく,,,gaokao,official_curriculum_2020,3,官方普通高中日语课程标准词汇表，级别 5
喫茶店,きっさてん,,,gaokao,official_curriculum_2020,3,官方普通高中日语课程标准词汇表，级别 5
記念,きねん,,,gaokao,official_curriculum_2020,2,官方普通高中日语课程标准词汇表，级别 4
気の毒,きのどく,,,gaokao,official_curriculum_2020,3,官方普通高中日语课程标准词汇表，级别 5
気分,きぶん,,,gaokao,official_curriculum_2020,2,官方普通高中日语课程标准词汇表，级别 4
希望,きぼう,,,gaokao,official_curriculum_2020,3,官方普通高中日语课程标准词汇表，级别 5
義務,ぎむ,,,gaokao,official_curriculum_2020,3,官方普通高中日语课程标准词汇表，级别 5
着物,きもの,,,gaokao,official_curriculum_2020,3,官方普通高中日语课程标准词汇表，级别 5
疑問,ぎもん,,,gaokao,official_curriculum_2020,2,官方普通高中日语课程标准词汇表，级别 4
逆,ぎゃく,,,gaokao,official_curriculum_2020,2,官方普通高中日语课程标准词汇表，级别 4
キャンパス,キャンパス,,,gaokao,official_curriculum_2020,3,官方普通高中日语课程标准词汇表，级别 5
急,きゅう,,,gaokao,official_curriculum_2020,2,官方普通高中日语课程标准词汇表，级别 4
休日,きゅうじつ,,,gaokao,official_curriculum_2020,3,官方普通高中日语课程标准词汇表，级别 5
給料,きゅうりょう,,,gaokao,official_curriculum_2020,3,官方普通高中日语课程标准词汇表，级别 5
教育,きょういく,,,gaokao,official_curriculum_2020,2,官方普通高中日语课程标准词汇表，级别 4
教科書,きょうかしょ,,,gaokao,official_curriculum_2020,3,官方普通高中日语课程标准词汇表，级别 5
京劇,きょうげき,,,gaokao,official_curriculum_2020,3,官方普通高中日语课程标准词汇表，级别 5
競争,きょうそう,,,gaokao,official_curriculum_2020,3,官方普通高中日语课程标准词汇表，级别 5
共通,きょうつう,,,gaokao,official_curriculum_2020,2,官方普通高中日语课程标准词汇表，级别 4
興味,きょうみ,,,gaokao,official_curriculum_2020,3,官方普通高中日语课程标准词汇表，级别 5
教養,きょうよう,,,gaokao,official_curriculum_2020,3,官方普通高中日语课程标准词汇表，级别 5
協力,きょうりょく,,,gaokao,official_curriculum_2020,2,官方普通高中日语课程标准词汇表，级别 4
清らか,きよらか,,,gaokao,official_curriculum_2020,3,官方普通高中日语课程标准词汇表，级别 5
距離,きょり,,,gaokao,official_curriculum_2020,3,官方普通高中日语课程标准词汇表，级别 5
嫌う,きらう,,,gaokao,official_curriculum_2020,3,官方普通高中日语课程标准词汇表，级别 5
霧,きり,,,gaokao,official_curriculum_2020,2,官方普通高中日语课程标准词汇表，级别 4
切る,きる,,,gaokao,official_curriculum_2020,2,官方普通高中日语课程标准词汇表，级别 4
切れる,きれる,,,gaokao,official_curriculum_2020,3,官方普通高中日语课程标准词汇表，级别 5
記録,きろく,,,gaokao,official_curriculum_2020,2,官方普通高中日语课程标准词汇表，级别 4
銀行,ぎんこう,,,gaokao,official_curriculum_2020,2,官方普通高中日语课程标准词汇表，级别 4
禁止,きんし,,,gaokao,official_curriculum_2020,3,官方普通高中日语课程标准词汇表，级别 5
近所,きんじょ,,,gaokao,official_curriculum_2020,3,官方普通高中日语课程标准词汇表，级别 5
臭い,くさい,,,gaokao,official_curriculum_2020,3,官方普通高中日语课程标准词汇表，级别 5
腐る,くさる,,,gaokao,official_curriculum_2020,3,官方普通高中日语课程标准词汇表，级别 5
崩れる,くずれる,,,gaokao,official_curriculum_2020,3,官方普通高中日语课程标准词汇表，级别 5
癖,くせ,,,gaokao,official_curriculum_2020,3,官方普通高中日语课程标准词汇表，级别 5
くださる,くださる,,,gaokao,official_curriculum_2020,2,官方普通高中日语课程标准词汇表，级别 4
唇,くちびる,,,gaokao,official_curriculum_2020,2,官方普通高中日语课程标准词汇表，级别 4
配る,くばる,,,gaokao,official_curriculum_2020,2,官方普通高中日语课程标准词汇表，级别 4
区別,くべつ,,,gaokao,official_curriculum_2020,3,官方普通高中日语课程标准词汇表，级别 5
悔しい,くやしい,,,gaokao,official_curriculum_2020,2,官方普通高中日语课程标准词汇表，级别 4
暮らす,くらす,,,gaokao,official_curriculum_2020,2,官方普通高中日语课程标准词汇表，级别 4
クラブ,クラブ,,,gaokao,official_curriculum_2020,3,官方普通高中日语课程标准词汇表，级别 5
繰り返す,くりかえす,,,gaokao,official_curriculum_2020,2,官方普通高中日语课程标准词汇表，级别 4
苦しむ,くるしむ,,,gaokao,official_curriculum_2020,2,官方普通高中日语课程标准词汇表，级别 4
暮れる,くれる,,,gaokao,official_curriculum_2020,3,官方普通高中日语课程标准词汇表，级别 5
苦労,くろう,,,gaokao,official_curriculum_2020,2,官方普通高中日语课程标准词汇表，级别 4
加える,くわえる,,,gaokao,official_curriculum_2020,3,官方普通高中日语课程标准词汇表，级别 5
訓練,くんれん,,,gaokao,official_curriculum_2020,3,官方普通高中日语课程标准词汇表，级别 5
経営,けいえい,,,gaokao,official_curriculum_2020,3,官方普通高中日语课程标准词汇表，级别 5
計画,けいかく,,,gaokao,official_curriculum_2020,2,官方普通高中日语课程标准词汇表，级别 4
景気,けいき,,,gaokao,official_curriculum_2020,3,官方普通高中日语课程标准词汇表，级别 5
経験,けいけん,,,gaokao,official_curriculum_2020,2,官方普通高中日语课程标准词汇表，级别 4
稽古,けいこ,,,gaokao,official_curriculum_2020,3,官方普通高中日语课程标准词汇表，级别 5
傾向,けいこう,,,gaokao,official_curriculum_2020,3,官方普通高中日语课程标准词汇表，级别 5
経済,けいざい,,,gaokao,official_curriculum_2020,2,官方普通高中日语课程标准词汇表，级别 4
警察,けいさつ,,,gaokao,official_curriculum_2020,2,官方普通高中日语课程标准词汇表，级别 4
計算,けいさん,,,gaokao,official_curriculum_2020,3,官方普通高中日语课程标准词汇表，级别 5
形式,けいしき,,,gaokao,official_curriculum_2020,3,官方普通高中日语课程标准词汇表，级别 5
芸術,げいじゅつ,,,gaokao,official_curriculum_2020,2,官方普通高中日语课程标准词汇表，级别 4
経費,けいひ,,,gaokao,official_curriculum_2020,3,官方普通高中日语课程标准词汇表，级别 5
怪我,けが,,,gaokao,official_curriculum_2020,2,官方普通高中日语课程标准词汇表，级别 4
劇,げき,,,gaokao,official_curriculum_2020,3,官方普通高中日语课程标准词汇表，级别 5
削る,けずる,,,gaokao,official_curriculum_2020,3,官方普通高中日语课程标准词汇表，级别 5
結果,けっか,,,gaokao,official_curriculum_2020,2,官方普通高中日语课程标准词汇表，级别 4
結局,けっきょく,,,gaokao,official_curriculum_2020,3,官方普通高中日语课程标准词汇表，级别 5
結構,けっこう,,,gaokao,official_curriculum_2020,2,官方普通高中日语课程标准词汇表，级别 4
結婚,けっこん,,,gaokao,official_curriculum_2020,3,官方普通高中日语课程标准词汇表，级别 5
決心,けっしん,,,gaokao,official_curriculum_2020,2,官方普通高中日语课程标准词汇表，级别 4
欠点,けってん,,,gaokao,official_curriculum_2020,3,官方普通高中日语课程标准词汇表，级别 5
煙,けむり,,,gaokao,official_curriculum_2020,3,官方普通高中日语课程标准词汇表，级别 5
蹴る,ける,,,gaokao,official_curriculum_2020,3,官方普通高中日语课程标准词汇表，级别 5
原因,げんいん,,,gaokao,official_curriculum_2020,2,官方普通高中日语课程标准词汇表，级别 4
見学,けんがく,,,gaokao,official_curriculum_2020,2,官方普通高中日语课程标准词汇表，级别 4
研究,けんきゅう,,,gaokao,official_curriculum_2020,2,官方普通高中日语课程标准词汇表，级别 4
健康,けんこう,,,gaokao,official_curriculum_2020,2,官方普通高中日语课程标准词汇表，级别 4
現在,げんざい,,,gaokao,official_curriculum_2020,2,官方普通高中日语课程标准词汇表，级别 4
現実,げんじつ,,,gaokao,official_curriculum_2020,3,官方普通高中日语课程标准词汇表，级别 5
建築,けんちく,,,gaokao,official_curriculum_2020,2,官方普通高中日语课程标准词汇表，级别 4
権利,けんり,,,gaokao,official_curriculum_2020,3,官方普通高中日语课程标准词汇表，级别 5
原料,げんりょう,,,gaokao,official_curriculum_2020,3,官方普通高中日语课程标准词汇表，级别 5
後悔,こうかい,,,gaokao,official_curriculum_2020,2,官方普通高中日语课程标准词汇表，级别 4
郊外,こうがい,,,gaokao,official_curriculum_2020,3,官方普通高中日语课程标准词汇表，级别 5
工業,こうぎょう,,,gaokao,official_curriculum_2020,2,官方普通高中日语课程标准词汇表，级别 4
合計,ごうけい,,,gaokao,official_curriculum_2020,3,官方普通高中日语课程标准词汇表，级别 5
高校,こうこう,,,gaokao,official_curriculum_2020,2,官方普通高中日语课程标准词汇表，级别 4
広告,こうこく,,,gaokao,official_curriculum_2020,2,官方普通高中日语课程标准词汇表，级别 4
交差点,こうさてん,,,gaokao,official_curriculum_2020,2,官方普通高中日语课程标准词汇表，级别 4
工事,こうじ,,,gaokao,official_curriculum_2020,3,官方普通高中日语课程标准词汇表，级别 5
口述試験,こうじゅつしけん,,,gaokao,official_curriculum_2020,3,官方普通高中日语课程标准词汇表，级别 5
交通,こうつう,,,gaokao,official_curriculum_2020,2,官方普通高中日语课程标准词汇表，级别 4
行動,こうどう,,,gaokao,official_curriculum_2020,3,官方普通高中日语课程标准词汇表，级别 5
幸福,こうふく,,,gaokao,official_curriculum_2020,3,官方普通高中日语课程标准词汇表，级别 5
公平,こうへい,,,gaokao,official_curriculum_2020,3,官方普通高中日语课程标准词汇表，级别 5
紅葉,こうよう,,,gaokao,official_curriculum_2020,3,官方普通高中日语课程标准词汇表，级别 5
交流,こうりゅう,,,gaokao,official_curriculum_2020,2,官方普通高中日语课程标准词汇表，级别 4
越える,こえる,,,gaokao,official_curriculum_2020,2,官方普通高中日语课程标准词汇表，级别 4
コース,コース,,,gaokao,official_curriculum_2020,3,官方普通高中日语课程标准词汇表，级别 5
コーヒー,コーヒー,,,gaokao,official_curriculum_2020,3,官方普通高中日语课程标准词汇表，级别 5
凍る,こおる,,,gaokao,official_curriculum_2020,3,官方普通高中日语课程标准词汇表，级别 5
ゴール,ゴール,,,gaokao,official_curriculum_2020,3,官方普通高中日语课程标准词汇表，级别 5
ゴールデンウィーク,ゴールデンウィーク,,,gaokao,official_curriculum_2020,3,官方普通高中日语课程标准词汇表，级别 5
呼吸,こきゅう,,,gaokao,official_curriculum_2020,3,官方普通高中日语课程标准词汇表，级别 5
国際,こくさい,,,gaokao,official_curriculum_2020,3,官方普通高中日语课程标准词汇表，级别 5
国民,こくみん,,,gaokao,official_curriculum_2020,2,官方普通高中日语课程标准词汇表，级别 4
腰,こし,,,gaokao,official_curriculum_2020,2,官方普通高中日语课程标准词汇表，级别 4
故障,こしょう,,,gaokao,official_curriculum_2020,3,官方普通高中日语课程标准词汇表，级别 5
個人,こじん,,,gaokao,official_curriculum_2020,2,官方普通高中日语课程标准词汇表，级别 4
コスト,コスト,,,gaokao,official_curriculum_2020,3,官方普通高中日语课程标准词汇表，级别 5
個性,こせい,,,gaokao,official_curriculum_2020,3,官方普通高中日语课程标准词汇表，级别 5
子育て,こそだて,,,gaokao,official_curriculum_2020,3,官方普通高中日语课程标准词汇表，级别 5
こだわる,こだわる,,,gaokao,official_curriculum_2020,3,官方普通高中日语课程标准词汇表，级别 5
こつ,こつ,,,gaokao,official_curriculum_2020,3,官方普通高中日语课程标准词汇表，级别 5
異なる,ことなる,,,gaokao,official_curriculum_2020,3,官方普通高中日语课程标准词汇表，级别 5
断る,ことわる,,,gaokao,official_curriculum_2020,2,官方普通高中日语课程标准词汇表，级别 4
この間,このあいだ,,,gaokao,official_curriculum_2020,2,官方普通高中日语课程标准词汇表，级别 4
このごろ,このごろ,,,gaokao,official_curriculum_2020,2,官方普通高中日语课程标准词汇表，级别 4
好む,このむ,,,gaokao,official_curriculum_2020,3,官方普通高中日语课程标准词汇表，级别 5
コマーシャル,コマーシャル,,,gaokao,official_curriculum_2020,3,官方普通高中日语课程标准词汇表，级别 5
細かい,こまかい,,,gaokao,official_curriculum_2020,3,官方普通高中日语课程标准词汇表，级别 5
ゴム,ゴム,,,gaokao,official_curriculum_2020,3,官方普通高中日语课程标准词汇表，级别 5
込める,こめる,,,gaokao,official_curriculum_2020,3,官方普通高中日语课程标准词汇表，级别 5
殺す,ころす,,,gaokao,official_curriculum_2020,3,官方普通高中日语课程标准词汇表，级别 5
転ぶ,ころぶ,,,gaokao,official_curriculum_2020,3,官方普通高中日语课程标准词汇表，级别 5
壊す,こわす,,,gaokao,official_curriculum_2020,2,官方普通高中日语课程标准词汇表，级别 4
根性,こんじょう,,,gaokao,official_curriculum_2020,3,官方普通高中日语课程标准词汇表，级别 5
コンタクトレンズ,コンタクトレンズ,,,gaokao,official_curriculum_2020,3,官方普通高中日语课程标准词汇表，级别 5
困難,こんなん,,,gaokao,official_curriculum_2020,3,官方普通高中日语课程标准词汇表，级别 5
コンピューター,コンピューター,,,gaokao,official_curriculum_2020,2,官方普通高中日语课程标准词汇表，级别 4
差,さ,,,gaokao,official_curriculum_2020,3,官方普通高中日语课程标准词汇表，级别 5
サークル,サークル,,,gaokao,official_curriculum_2020,3,官方普通高中日语课程标准词汇表，级别 5
災害,さいがい,,,gaokao,official_curriculum_2020,3,官方普通高中日语课程标准词汇表，级别 5
最近,さいきん,,,gaokao,official_curriculum_2020,2,官方普通高中日语课程标准词汇表，级别 4
最後,さいご,,,gaokao,official_curriculum_2020,3,官方普通高中日语课程标准词汇表，级别 5
財産,ざいさん,,,gaokao,official_curriculum_2020,3,官方普通高中日语课程标准词汇表，级别 5
最初,さいしょ,,,gaokao,official_curriculum_2020,2,官方普通高中日语课程标准词汇表，级别 4
サイト,サイト,,,gaokao,official_curriculum_2020,2,官方普通高中日语课程标准词汇表，级别 4
才能,さいのう,,,gaokao,official_curriculum_2020,2,官方普通高中日语课程标准词汇表，级别 4
裁判,さいばん,,,gaokao,official_curriculum_2020,3,官方普通高中日语课程标准词汇表，级别 5
材料,ざいりょう,,,gaokao,official_curriculum_2020,3,官方普通高中日语课程标准词汇表，级别 5
坂,さか,,,gaokao,official_curriculum_2020,2,官方普通高中日语课程标准词汇表，级别 4
下がる,さがる,,,gaokao,official_curriculum_2020,2,官方普通高中日语课程标准词汇表，级别 4
盛ん,さかん,,,gaokao,official_curriculum_2020,2,官方普通高中日语课程标准词汇表，级别 4
作者,さくしゃ,,,gaokao,official_curriculum_2020,3,官方普通高中日语课程标准词汇表，级别 5
作品,さくひん,,,gaokao,official_curriculum_2020,3,官方普通高中日语课程标准词汇表，级别 5
酒,さけ,,,gaokao,official_curriculum_2020,3,官方普通高中日语课程标准词汇表，级别 5
避ける,さける,,,gaokao,official_curriculum_2020,3,官方普通高中日语课程标准词汇表，级别 5
下げる,さげる,,,gaokao,official_curriculum_2020,2,官方普通高中日语课程标准词汇表，级别 4
支える,ささえる,,,gaokao,official_curriculum_2020,2,官方普通高中日语课程标准词汇表，级别 4
さっぱり,さっぱり,,,gaokao,official_curriculum_2020,3,官方普通高中日语课程标准词汇表，级别 5
茶道,さどう,,,gaokao,official_curriculum_2020,3,官方普通高中日语课程标准词汇表，级别 5
寂しい,さびしい,,,gaokao,official_curriculum_2020,2,官方普通高中日语课程标准词汇表，级别 4
騒ぐ,さわぐ,,,gaokao,official_curriculum_2020,2,官方普通高中日语课程标准词汇表，级别 4
触る,さわる,,,gaokao,official_curriculum_2020,3,官方普通高中日语课程标准词汇表，级别 5
参加,さんか,,,gaokao,official_curriculum_2020,3,官方普通高中日语课程标准词汇表，级别 5
産業,さんぎょう,,,gaokao,official_curriculum_2020,2,官方普通高中日语课程标准词汇表，级别 4
酸素,さんそ,,,gaokao,official_curriculum_2020,3,官方普通高中日语课程标准词汇表，级别 5
残念,ざんねん,,,gaokao,official_curriculum_2020,2,官方普通高中日语课程标准词汇表，级别 4
散歩,さんぽ,,,gaokao,official_curriculum_2020,3,官方普通高中日语课程标准词汇表，级别 5
仕上げる,しあげる,,,gaokao,official_curriculum_2020,3,官方普通高中日语课程标准词汇表，级别 5
しかも,しかも,,,gaokao,official_curriculum_2020,3,官方普通高中日语课程标准词汇表，级别 5
叱る,しかる,,,gaokao,official_curriculum_2020,2,官方普通高中日语课程标准词汇表，级别 4
刺激,しげき,,,gaokao,official_curriculum_2020,3,官方普通高中日语课程标准词汇表，级别 5
茂る,しげる,,,gaokao,official_curriculum_2020,3,官方普通高中日语课程标准词汇表，级别 5
資源,しげん,,,gaokao,official_curriculum_2020,3,官方普通高中日语课程标准词汇表，级别 5
事件,じけん,,,gaokao,official_curriculum_2020,3,官方普通高中日语课程标准词汇表，级别 5
事故,じこ,,,gaokao,official_curriculum_2020,3,官方普通高中日语课程标准词汇表，级别 5
事実,じじつ,,,gaokao,official_curriculum_2020,3,官方普通高中日语课程标准词汇表，级别 5
支出,ししゅつ,,,gaokao,official_curriculum_2020,3,官方普通高中日语课程标准词汇表，级别 5
事情,じじょう,,,gaokao,official_curriculum_2020,3,官方普通高中日语课程标准词汇表，级别 5
自信,じしん,,,gaokao,official_curriculum_2020,2,官方普通高中日语课程标准词汇表，级别 4
地震,じしん,,,gaokao,official_curriculum_2020,2,官方普通高中日语课程标准词汇表，级别 4
システム,システム,,,gaokao,official_curriculum_2020,3,官方普通高中日语课程标准词汇表，级别 5
沈む,しずむ,,,gaokao,official_curriculum_2020,3,官方普通高中日语课程标准词汇表，级别 5
自然,しぜん,,,gaokao,official_curriculum_2020,2,官方普通高中日语课程标准词汇表，级别 4
舌,した,,,gaokao,official_curriculum_2020,2,官方普通高中日语课程标准词汇表，级别 4
時代,じだい,,,gaokao,official_curriculum_2020,2,官方普通高中日语课程标准词汇表，级别 4
従う,したがう,,,gaokao,official_curriculum_2020,3,官方普通高中日语课程标准词汇表，级别 5
下着,したぎ,,,gaokao,official_curriculum_2020,3,官方普通高中日语课程标准词汇表，级别 5
支度,したく,,,gaokao,official_curriculum_2020,3,官方普通高中日语课程标准词汇表，级别 5
質,しつ,,,gaokao,official_curriculum_2020,3,官方普通高中日语课程标准词汇表，级别 5
しっかり,しっかり,,,gaokao,official_curriculum_2020,3,官方普通高中日语课程标准词汇表，级别 5
しつけ,しつけ,,,gaokao,official_curriculum_2020,3,官方普通高中日语课程标准词汇表，级别 5
実験,じっけん,,,gaokao,official_curriculum_2020,2,官方普通高中日语课程标准词汇表，级别 4
実行,じっこう,,,gaokao,official_curriculum_2020,2,官方普通高中日语课程标准词汇表，级别 4
実習,じっしゅう,,,gaokao,official_curriculum_2020,3,官方普通高中日语课程标准词汇表，级别 5
失敗,しっぱい,,,gaokao,official_curriculum_2020,2,官方普通高中日语课程标准词汇表，级别 4
指導,しどう,,,gaokao,official_curriculum_2020,3,官方普通高中日语课程标准词汇表，级别 5
自動車,じどうしゃ,,,gaokao,official_curriculum_2020,2,官方普通高中日语课程标准词汇表，级别 4
老舗,しにせ,,,gaokao,official_curriculum_2020,3,官方普通高中日语课程标准词汇表，级别 5
死ぬ,しぬ,,,gaokao,official_curriculum_2020,2,官方普通高中日语课程标准词汇表，级别 4
支配,しはい,,,gaokao,official_curriculum_2020,3,官方普通高中日语课程标准词汇表，级别 5
芝居,しばい,,,gaokao,official_curriculum_2020,2,官方普通高中日语课程标准词汇表，级别 4
しばらく,しばらく,,,gaokao,official_curriculum_2020,2,官方普通高中日语课程标准词汇表，级别 4
縛る,しばる,,,gaokao,official_curriculum_2020,3,官方普通高中日语课程标准词汇表，级别 5
しまう,しまう,,,gaokao,official_curriculum_2020,3,官方普通高中日语课程标准词汇表，级别 5
自慢,じまん,,,gaokao,official_curriculum_2020,2,官方普通高中日语课程标准词汇表，级别 4
地味,じみ,,,gaokao,official_curriculum_2020,2,官方普通高中日语课程标准词汇表，级别 4
示す,しめす,,,gaokao,official_curriculum_2020,3,官方普通高中日语课程标准词汇表，级别 5
社会,しゃかい,,,gaokao,official_curriculum_2020,2,官方普通高中日语课程标准词汇表，级别 4
自由,じゆう,,,gaokao,official_curriculum_2020,2,官方普通高中日语课程标准词汇表，级别 4
修学旅行,しゅうがくりょこう,,,gaokao,official_curriculum_2020,3,官方普通高中日语课程标准词汇表，级别 5
習慣,しゅうかん,,,gaokao,official_curriculum_2020,2,官方普通高中日语课程标准词汇表，级别 4
住所,じゅうしょ,,,gaokao,official_curriculum_2020,2,官方普通高中日语课程标准词汇表，级别 4
就職,しゅうしょく,,,gaokao,official_curriculum_2020,3,官方普通高中日语课程标准词汇表，级别 5
集団,しゅうだん,,,gaokao,official_curriculum_2020,3,官方普通高中日语课程标准词汇表，级别 5
集中力,しゅうちゅうりょく,,,gaokao,official_curriculum_2020,3,官方普通高中日语课程标准词汇表，级别 5
収入,しゅうにゅう,,,gaokao,official_curriculum_2020,3,官方普通高中日语课程标准词汇表，级别 5
十分,じゅうぶん,,,gaokao,official_curriculum_2020,3,官方普通高中日语课程标准词汇表，级别 5
重要,じゅうよう,,,gaokao,official_curriculum_2020,3,官方普通高中日语课程标准词汇表，级别 5
修理,しゅうり,,,gaokao,official_curriculum_2020,2,官方普通高中日语课程标准词汇表，级别 4
塾,じゅく,,,gaokao,official_curriculum_2020,3,官方普通高中日语课程标准词汇表，级别 5
受験,じゅけん,,,gaokao,official_curriculum_2020,3,官方普通高中日语课程标准词汇表，级别 5
主人,しゅじん,,,gaokao,official_curriculum_2020,3,官方普通高中日语课程标准词汇表，级别 5
主張,しゅちょう,,,gaokao,official_curriculum_2020,2,官方普通高中日语课程标准词汇表，级别 4
首都,しゅと,,,gaokao,official_curriculum_2020,2,官方普通高中日语课程标准词汇表，级别 4
需要,じゅよう,,,gaokao,official_curriculum_2020,3,官方普通高中日语课程标准词汇表，级别 5
種類,しゅるい,,,gaokao,official_curriculum_2020,2,官方普通高中日语课程标准词汇表，级别 4
順序,じゅんじょ,,,gaokao,official_curriculum_2020,3,官方普通高中日语课程标准词汇表，级别 5
春節,しゅんせつ,,,gaokao,official_curriculum_2020,3,官方普通高中日语课程标准词汇表，级别 5
準備,じゅんび,,,gaokao,official_curriculum_2020,2,官方普通高中日语课程标准词汇表，级别 4
使用,しよう,,,gaokao,official_curriculum_2020,2,官方普通高中日语课程标准词汇表，级别 4
上映,じょうえい,,,gaokao,official_curriculum_2020,3,官方普通高中日语课程标准词汇表，级别 5
生涯,しょうがい,,,gaokao,official_curriculum_2020,3,官方普通高中日语课程标准词汇表，级别 5
商業,しょうぎょう,,,gaokao,official_curriculum_2020,3,官方普通高中日语课程标准词汇表，级别 5
条件,じょうけん,,,gaokao,official_curriculum_2020,3,官方普通高中日语课程标准词汇表，级别 5
少子化,しょうしか,,,gaokao,official_curriculum_2020,3,官方普通高中日语课程标准词汇表，级别 5
正直,しょうじき,,,gaokao,official_curriculum_2020,3,官方普通高中日语课程标准词汇表，级别 5
常識,じょうしき,,,gaokao,official_curriculum_2020,3,官方普通高中日语课程标准词汇表，级别 5
小説,しょうせつ,,,gaokao,official_curriculum_2020,2,官方普通高中日语课程标准词汇表，级别 4
招待,しょうたい,,,gaokao,official_curriculum_2020,3,官方普通高中日语课程标准词汇表，级别 5
状態,じょうたい,,,gaokao,official_curriculum_2020,3,官方普通高中日语课程标准词汇表，级别 5
冗談,じょうだん,,,gaokao,official_curriculum_2020,2,官方普通高中日语课程标准词汇表，级别 4
承知,しょうち,,,gaokao,official_curriculum_2020,2,官方普通高中日语课程标准词汇表，级别 4
象徴,しょうちょう,,,gaokao,official_curriculum_2020,3,官方普通高中日语课程标准词汇表，级别 5
衝突,しょうとつ,,,gaokao,official_curriculum_2020,3,官方普通高中日语课程标准词汇表，级别 5
少年,しょうねん,,,gaokao,official_curriculum_2020,3,官方普通高中日语课程标准词汇表，级别 5
商売,しょうばい,,,gaokao,official_curriculum_2020,3,官方普通高中日语课程标准词汇表，级别 5
消費,しょうひ,,,gaokao,official_curriculum_2020,3,官方普通高中日语课程标准词汇表，级别 5
商品,しょうひん,,,gaokao,official_curriculum_2020,2,官方普通高中日语课程标准词汇表，级别 4
証明,しょうめい,,,gaokao,official_curriculum_2020,3,官方普通高中日语课程标准词汇表，级别 5
醤油,しょうゆ,,,gaokao,official_curriculum_2020,3,官方普通高中日语课程标准词汇表，级别 5
将来,しょうらい,,,gaokao,official_curriculum_2020,3,官方普通高中日语课程标准词汇表，级别 5
ジョギング,ジョギング,,,gaokao,official_curriculum_2020,3,官方普通高中日语课程标准词汇表，级别 5
職業,しょくぎょう,,,gaokao,official_curriculum_2020,2,官方普通高中日语课程标准词汇表，级别 4
食品,しょくひん,,,gaokao,official_curriculum_2020,3,官方普通高中日语课程标准词汇表，级别 5
植物,しょくぶつ,,,gaokao,official_curriculum_2020,3,官方普通高中日语课程标准词汇表，级别 5
女性,じょせい,,,gaokao,official_curriculum_2020,3,官方普通高中日语课程标准词汇表，级别 5
書道,しょどう,,,gaokao,official_curriculum_2020,3,官方普通高中日语课程标准词汇表，级别 5
処理,しょり,,,gaokao,official_curriculum_2020,3,官方普通高中日语课程标准词汇表，级别 5
自立,じりつ,,,gaokao,official_curriculum_2020,3,官方普通高中日语课程标准词汇表，级别 5
シルク,シルク,,,gaokao,official_curriculum_2020,3,官方普通高中日语课程标准词汇表，级别 5
印,しるし,,,gaokao,official_curriculum_2020,2,官方普通高中日语课程标准词汇表，级别 4
素人,しろうと,,,gaokao,official_curriculum_2020,3,官方普通高中日语课程标准词汇表，级别 5
人口,じんこう,,,gaokao,official_curriculum_2020,3,官方普通高中日语课程标准词汇表，级别 5
神社,じんじゃ,,,gaokao,official_curriculum_2020,3,官方普通高中日语课程标准词汇表，级别 5
信じる,しんじる,,,gaokao,official_curriculum_2020,3,官方普通高中日语课程标准词汇表，级别 5
人生,じんせい,,,gaokao,official_curriculum_2020,2,官方普通高中日语课程标准词汇表，级别 4
親戚,しんせき,,,gaokao,official_curriculum_2020,2,官方普通高中日语课程标准词汇表，级别 4
心臓,しんぞう,,,gaokao,official_curriculum_2020,3,官方普通高中日语课程标准词汇表，级别 5
震度,しんど,,,gaokao,official_curriculum_2020,3,官方普通高中日语课程标准词汇表，级别 5
新年,しんねん,,,gaokao,official_curriculum_2020,3,官方普通高中日语课程标准词汇表，级别 5
心配,しんぱい,,,gaokao,official_curriculum_2020,2,官方普通高中日语课程标准词汇表，级别 4
シンプル,シンプル,,,gaokao,official_curriculum_2020,3,官方普通高中日语课程标准词汇表，级别 5
シンボル,シンボル,,,gaokao,official_curriculum_2020,3,官方普通高中日语课程标准词汇表，级别 5
親友,しんゆう,,,gaokao,official_curriculum_2020,3,官方普通高中日语课程标准词汇表，级别 5
信用,しんよう,,,gaokao,official_curriculum_2020,3,官方普通高中日语课程标准词汇表，级别 5
スイッチ,スイッチ,,,gaokao,official_curriculum_2020,3,官方普通高中日语课程标准词汇表，级别 5
水道,すいどう,,,gaokao,official_curriculum_2020,3,官方普通高中日语课程标准词汇表，级别 5
ずいぶん,ずいぶん,,,gaokao,official_curriculum_2020,2,官方普通高中日语课程标准词汇表，级别 4
数学,すうがく,,,gaokao,official_curriculum_2020,2,官方普通高中日语课程标准词汇表，级别 4
スーツ,スーツ,,,gaokao,official_curriculum_2020,3,官方普通高中日语课程标准词汇表，级别 5
姿,すがた,,,gaokao,official_curriculum_2020,2,官方普通高中日语课程标准词汇表，级别 4
スケジュール,スケジュール,,,gaokao,official_curriculum_2020,2,官方普通高中日语课程标准词汇表，级别 4
すごい,すごい,,,gaokao,official_curriculum_2020,2,官方普通高中日语课程标准词汇表，级别 4
進む,すすむ,,,gaokao,official_curriculum_2020,2,官方普通高中日语课程标准词汇表，级别 4
進める,すすめる,,,gaokao,official_curriculum_2020,2,官方普通高中日语课程标准词汇表，级别 4
勧める,すすめる,,,gaokao,official_curriculum_2020,3,官方普通高中日语课程标准词汇表，级别 5
スタッフ,スタッフ,,,gaokao,official_curriculum_2020,3,官方普通高中日语课程标准词汇表，级别 5
酸っぱい,すっぱい,,,gaokao,official_curriculum_2020,3,官方普通高中日语课程标准词汇表，级别 5
ステージ,ステージ,,,gaokao,official_curriculum_2020,3,官方普通高中日语课程标准词汇表，级别 5
ストレス,ストレス,,,gaokao,official_curriculum_2020,3,官方普通高中日语课程标准词汇表，级别 5
砂,すな,,,gaokao,official_curriculum_2020,3,官方普通高中日语课程标准词汇表，级别 5
スピーチ,スピーチ,,,gaokao,official_curriculum_2020,2,官方普通高中日语课程标准词汇表，级别 4
図表,ずひょう,,,gaokao,official_curriculum_2020,3,官方普通高中日语课程标准词汇表，级别 5
スプーン,スプーン,,,gaokao,official_curriculum_2020,2,官方普通高中日语课程标准词汇表，级别 4
すべて,すべて,,,gaokao,official_curriculum_2020,2,官方普通高中日语课程标准词汇表，级别 4
滑る,すべる,,,gaokao,official_curriculum_2020,3,官方普通高中日语课程标准词汇表，级别 5
隅,すみ,,,gaokao,official_curriculum_2020,3,官方普通高中日语课程标准词汇表，级别 5
相撲,すもう,,,gaokao,official_curriculum_2020,3,官方普通高中日语课程标准词汇表，级别 5
スモッグ,スモッグ,,,gaokao,official_curriculum_2020,3,官方普通高中日语课程标准词汇表，级别 5
ずるい,ずるい,,,gaokao,official_curriculum_2020,2,官方普通高中日语课程标准词汇表，级别 4
鋭い,するどい,,,gaokao,official_curriculum_2020,3,官方普通高中日语课程标准词汇表，级别 5
背,せ,,,gaokao,official_curriculum_2020,2,官方普通高中日语课程标准词汇表，级别 4
成果,せいか,,,gaokao,official_curriculum_2020,3,官方普通高中日语课程标准词汇表，级别 5
性格,せいかく,,,gaokao,official_curriculum_2020,2,官方普通高中日语课程标准词汇表，级别 4
正確,せいかく,,,gaokao,official_curriculum_2020,2,官方普通高中日语课程标准词汇表，级别 4
税金,ぜいきん,,,gaokao,official_curriculum_2020,3,官方普通高中日语课程标准词汇表，级别 5
成功,せいこう,,,gaokao,official_curriculum_2020,2,官方普通高中日语课程标准词汇表，级别 4
政治,せいじ,,,gaokao,official_curriculum_2020,2,官方普通高中日语课程标准词汇表，级别 4
性質,せいしつ,,,gaokao,official_curriculum_2020,3,官方普通高中日语课程标准词汇表，级别 5
精神,せいしん,,,gaokao,official_curriculum_2020,3,官方普通高中日语课程标准词汇表，级别 5
生存,せいぞん,,,gaokao,official_curriculum_2020,3,官方普通高中日语课程标准词汇表，级别 5
生態,せいたい,,,gaokao,official_curriculum_2020,3,官方普通高中日语课程标准词汇表，级别 5
ぜいたく,ぜいたく,,,gaokao,official_curriculum_2020,3,官方普通高中日语课程标准词汇表，级别 5
成長,せいちょう,,,gaokao,official_curriculum_2020,2,官方普通高中日语课程标准词汇表，级别 4
制度,せいど,,,gaokao,official_curriculum_2020,3,官方普通高中日语课程标准词汇表，级别 5
青年,せいねん,,,gaokao,official_curriculum_2020,3,官方普通高中日语课程标准词汇表，级别 5
政府,せいふ,,,gaokao,official_curriculum_2020,3,官方普通高中日语课程标准词汇表，级别 5
生物,せいぶつ,,,gaokao,official_curriculum_2020,3,官方普通高中日语课程标准词汇表，级别 5
西洋,せいよう,,,gaokao,official_curriculum_2020,3,官方普通高中日语课程标准词汇表，级别 5
整理,せいり,,,gaokao,official_curriculum_2020,2,官方普通高中日语课程标准词汇表，级别 4
セーター,セーター,,,gaokao,official_curriculum_2020,2,官方普通高中日语课程标准词汇表，级别 4
咳,せき,,,gaokao,official_curriculum_2020,2,官方普通高中日语课程标准词汇表，级别 4
石炭,せきたん,,,gaokao,official_curriculum_2020,3,官方普通高中日语课程标准词汇表，级别 5
責任,せきにん,,,gaokao,official_curriculum_2020,2,官方普通高中日语课程标准词汇表，级别 4
石油,せきゆ,,,gaokao,official_curriculum_2020,3,官方普通高中日语课程标准词汇表，级别 5
せっかく,せっかく,,,gaokao,official_curriculum_2020,3,官方普通高中日语课程标准词汇表，级别 5
絶対,ぜったい,,,gaokao,official_curriculum_2020,2,官方普通高中日语课程标准词汇表，级别 4
設備,せつび,,,gaokao,official_curriculum_2020,3,官方普通高中日语课程标准词汇表，级别 5
説明,せつめい,,,gaokao,official_curriculum_2020,2,官方普通高中日语课程标准词汇表，级别 4
背中,せなか,,,gaokao,official_curriculum_2020,2,官方普通高中日语课程标准词汇表，级别 4
ぜひ,ぜひ,,,gaokao,official_curriculum_2020,2,官方普通高中日语课程标准词汇表，级别 4
ゼロ,ゼロ,,,gaokao,official_curriculum_2020,2,官方普通高中日语课程标准词汇表，级别 4
線,せん,,,gaokao,official_curriculum_2020,2,官方普通高中日语课程标准词汇表，级别 4
選挙,せんきょ,,,gaokao,official_curriculum_2020,3,官方普通高中日语课程标准词汇表，级别 5
選手,せんしゅ,,,gaokao,official_curriculum_2020,3,官方普通高中日语课程标准词汇表，级别 5
先祖,せんぞ,,,gaokao,official_curriculum_2020,3,官方普通高中日语课程标准词汇表，级别 5
戦争,せんそう,,,gaokao,official_curriculum_2020,3,官方普通高中日语课程标准词汇表，级别 5
全体,ぜんたい,,,gaokao,official_curriculum_2020,2,官方普通高中日语课程标准词汇表，级别 4
専門,せんもん,,,gaokao,official_curriculum_2020,2,官方普通高中日语课程标准词汇表，级别 4
増加,ぞうか,,,gaokao,official_curriculum_2020,3,官方普通高中日语课程标准词汇表，级别 5
想像,そうぞう,,,gaokao,official_curriculum_2020,3,官方普通高中日语课程标准词汇表，级别 5
相談,そうだん,,,gaokao,official_curriculum_2020,2,官方普通高中日语课程标准词汇表，级别 4
相当,そうとう,,,gaokao,official_curriculum_2020,2,官方普通高中日语课程标准词汇表，级别 4
組織,そしき,,,gaokao,official_curriculum_2020,3,官方普通高中日语课程标准词汇表，级别 5
注ぐ,そそぐ,,,gaokao,official_curriculum_2020,3,官方普通高中日语课程标准词汇表，级别 5
育つ,そだつ,,,gaokao,official_curriculum_2020,2,官方普通高中日语课程标准词汇表，级别 4
育てる,そだてる,,,gaokao,official_curriculum_2020,2,官方普通高中日语课程标准词汇表，级别 4
備える,そなえる,,,gaokao,official_curriculum_2020,3,官方普通高中日语课程标准词汇表，级别 5
そば,そば,,,gaokao,official_curriculum_2020,3,官方普通高中日语课程标准词汇表，级别 5
それぞれ,それぞれ,,,gaokao,official_curriculum_2020,2,官方普通高中日语课程标准词汇表，级别 4
そろう,そろう,,,gaokao,official_curriculum_2020,3,官方普通高中日语课程标准词汇表，级别 5
そろえる,そろえる,,,gaokao,official_curriculum_2020,2,官方普通高中日语课程标准词汇表，级别 4
そろそろ,そろそろ,,,gaokao,official_curriculum_2020,2,官方普通高中日语课程标准词汇表，级别 4
尊敬,そんけい,,,gaokao,official_curriculum_2020,2,官方普通高中日语课程标准词汇表，级别 4
尊重,そんちょう,,,gaokao,official_curriculum_2020,3,官方普通高中日语课程标准词汇表，级别 5
大学,だいがく,,,gaokao,official_curriculum_2020,2,官方普通高中日语课程标准词汇表，级别 4
大気,たいき,,,gaokao,official_curriculum_2020,3,官方普通高中日语课程标准词汇表，级别 5
退屈,たいくつ,,,gaokao,official_curriculum_2020,3,官方普通高中日语课程标准词汇表，级别 5
大事,だいじ,,,gaokao,official_curriculum_2020,2,官方普通高中日语课程标准词汇表，级别 4
対する,たいする,,,gaokao,official_curriculum_2020,2,官方普通高中日语课程标准词汇表，级别 4
体操,たいそう,,,gaokao,official_curriculum_2020,2,官方普通高中日语课程标准词汇表，级别 4
だいたい,だいたい,,,gaokao,official_curriculum_2020,2,官方普通高中日语课程标准词汇表，级别 4
たいてい,たいてい,,,gaokao,official_curriculum_2020,3,官方普通高中日语课程标准词汇表，级别 5
態度,たいど,,,gaokao,official_curriculum_2020,3,官方普通高中日语课程标准词汇表，级别 5
タイトル,タイトル,,,gaokao,official_curriculum_2020,3,官方普通高中日语课程标准词汇表，级别 5
代表,だいひょう,,,gaokao,official_curriculum_2020,2,官方普通高中日语课程标准词汇表，级别 4
台風,たいふう,,,gaokao,official_curriculum_2020,3,官方普通高中日语课程标准词汇表，级别 5
太陽,たいよう,,,gaokao,official_curriculum_2020,2,官方普通高中日语课程标准词汇表，级别 4
大陸,たいりく,,,gaokao,official_curriculum_2020,2,官方普通高中日语课程标准词汇表，级别 4
倒す,たおす,,,gaokao,official_curriculum_2020,2,官方普通高中日语课程标准词汇表，级别 4
倒れる,たおれる,,,gaokao,official_curriculum_2020,2,官方普通高中日语课程标准词汇表，级别 4
確か,たしか,,,gaokao,official_curriculum_2020,3,官方普通高中日语课程标准词汇表，级别 5
確かに,たしかに,,,gaokao,official_curriculum_2020,2,官方普通高中日语课程标准词汇表，级别 4
尋ねる,たずねる,,,gaokao,official_curriculum_2020,3,官方普通高中日语课程标准词汇表，级别 5
ただ,ただ,,,gaokao,official_curriculum_2020,2,官方普通高中日语课程标准词汇表，级别 4
戦う,たたかう,,,gaokao,official_curriculum_2020,3,官方普通高中日语课程标准词汇表，级别 5
叩く,たたく,,,gaokao,official_curriculum_2020,2,官方普通高中日语课程标准词汇表，级别 4
畳,たたみ,,,gaokao,official_curriculum_2020,2,官方普通高中日语课程标准词汇表，级别 4
畳む,たたむ,,,gaokao,official_curriculum_2020,3,官方普通高中日语课程标准词汇表，级别 5
縦,たて,,,gaokao,official_curriculum_2020,2,官方普通高中日语课程标准词汇表，级别 4
立てる,たてる,,,gaokao,official_curriculum_2020,2,官方普通高中日语课程标准词汇表，级别 4
たとえ,たとえ,,,gaokao,official_curriculum_2020,3,官方普通高中日语课程标准词汇表，级别 5
棚,たな,,,gaokao,official_curriculum_2020,2,官方普通高中日语课程标准词汇表，级别 4
七夕,たなばた,,,gaokao,official_curriculum_2020,3,官方普通高中日语课程标准词汇表，级别 5
他人,たにん,,,gaokao,official_curriculum_2020,3,官方普通高中日语课程标准词汇表，级别 5
種,たね,,,gaokao,official_curriculum_2020,3,官方普通高中日语课程标准词汇表，级别 5
楽しむ,たのしむ,,,gaokao,official_curriculum_2020,2,官方普通高中日语课程标准词汇表，级别 4
たばこ,たばこ,,,gaokao,official_curriculum_2020,2,官方普通高中日语课程标准词汇表，级别 4
度,たび,,,gaokao,official_curriculum_2020,3,官方普通高中日语课程标准词汇表，级别 5
たまに,たまに,,,gaokao,official_curriculum_2020,3,官方普通高中日语课程标准词汇表，级别 5
たまる,たまる,,,gaokao,official_curriculum_2020,3,官方普通高中日语课程标准词汇表，级别 5
試す,ためす,,,gaokao,official_curriculum_2020,3,官方普通高中日语课程标准词汇表，级别 5
ためる,ためる,,,gaokao,official_curriculum_2020,3,官方普通高中日语课程标准词汇表，级别 5
保つ,たもつ,,,gaokao,official_curriculum_2020,3,官方普通高中日语课程标准词汇表，级别 5
足りる,たりる,,,gaokao,official_curriculum_2020,2,官方普通高中日语课程标准词汇表，级别 4
たんす,たんす,,,gaokao,official_curriculum_2020,2,官方普通高中日语课程标准词汇表，级别 4
男性,だんせい,,,gaokao,official_curriculum_2020,2,官方普通高中日语课程标准词汇表，级别 4
団体,だんたい,,,gaokao,official_curriculum_2020,3,官方普通高中日语课程标准词汇表，级别 5
団らん,だんらん,,,gaokao,official_curriculum_2020,3,官方普通高中日语课程标准词汇表，级别 5
血,ち,,,gaokao,official_curriculum_2020,2,官方普通高中日语课程标准词汇表，级别 4
地域,ちいき,,,gaokao,official_curriculum_2020,3,官方普通高中日语课程标准词汇表，级别 5
チーム,チーム,,,gaokao,official_curriculum_2020,3,官方普通高中日语课程标准词汇表，级别 5
知恵,ちえ,,,gaokao,official_curriculum_2020,3,官方普通高中日语课程标准词汇表，级别 5
違い,ちがい,,,gaokao,official_curriculum_2020,2,官方普通高中日语课程标准词汇表，级别 4
近づく,ちかづく,,,gaokao,official_curriculum_2020,3,官方普通高中日语课程标准词汇表，级别 5
地下鉄,ちかてつ,,,gaokao,official_curriculum_2020,2,官方普通高中日语课程标准词汇表，级别 4
地球,ちきゅう,,,gaokao,official_curriculum_2020,2,官方普通高中日语课程标准词汇表，级别 4
遅刻,ちこく,,,gaokao,official_curriculum_2020,2,官方普通高中日语课程标准词汇表，级别 4
地方,ちほう,,,gaokao,official_curriculum_2020,2,官方普通高中日语课程标准词汇表，级别 4
注意,ちゅうい,,,gaokao,official_curriculum_2020,2,官方普通高中日语课程标准词汇表，级别 4
注射,ちゅうしゃ,,,gaokao,official_curriculum_2020,3,官方普通高中日语课程标准词汇表，级别 5
中心,ちゅうしん,,,gaokao,official_curriculum_2020,2,官方普通高中日语课程标准词汇表，级别 4
注文,ちゅうもん,,,gaokao,official_curriculum_2020,3,官方普通高中日语课程标准词汇表，级别 5
調査,ちょうさ,,,gaokao,official_curriculum_2020,3,官方普通高中日语课程标准词汇表，级别 5
調子,ちょうし,,,gaokao,official_curriculum_2020,2,官方普通高中日语课程标准词汇表，级别 4
貯金,ちょきん,,,gaokao,official_curriculum_2020,3,官方普通高中日语课程标准词汇表，级别 5
直接,ちょくせつ,,,gaokao,official_curriculum_2020,2,官方普通高中日语课程标准词汇表，级别 4
地理,ちり,,,gaokao,official_curriculum_2020,2,官方普通高中日语课程标准词汇表，级别 4
散る,ちる,,,gaokao,official_curriculum_2020,3,官方普通高中日语课程标准词汇表，级别 5
ついでに,ついでに,,,gaokao,official_curriculum_2020,3,官方普通高中日语课程标准词汇表，级别 5
ついに,ついに,,,gaokao,official_curriculum_2020,3,官方普通高中日语课程标准词汇表，级别 5
使い捨て,つかいすて,,,gaokao,official_curriculum_2020,3,官方普通高中日语课程标准词汇表，级别 5
捕まえる,つかまえる,,,gaokao,official_curriculum_2020,3,官方普通高中日语课程标准词汇表，级别 5
つかむ,つかむ,,,gaokao,official_curriculum_2020,3,官方普通高中日语课程标准词汇表，级别 5
付き合う,つきあう,,,gaokao,official_curriculum_2020,3,官方普通高中日语课程标准词汇表，级别 5
作り出す,つくりだす,,,gaokao,official_curriculum_2020,3,官方普通高中日语课程标准词汇表，级别 5
伝わる,つたわる,,,gaokao,official_curriculum_2020,3,官方普通高中日语课程标准词汇表，级别 5
土,つち,,,gaokao,official_curriculum_2020,2,官方普通高中日语课程标准词汇表，级别 4
包む,つつむ,,,gaokao,official_curriculum_2020,2,官方普通高中日语课程标准词汇表，级别 4
勤める,つとめる,,,gaokao,official_curriculum_2020,2,官方普通高中日语课程标准词汇表，级别 4
つなぐ,つなぐ,,,gaokao,official_curriculum_2020,3,官方普通高中日语课程标准词汇表，级别 5
津波,つなみ,,,gaokao,official_curriculum_2020,3,官方普通高中日语课程标准词汇表，级别 5
常に,つねに,,,gaokao,official_curriculum_2020,3,官方普通高中日语课程标准词汇表，级别 5
つまり,つまり,,,gaokao,official_curriculum_2020,3,官方普通高中日语课程标准词汇表，级别 5
積む,つむ,,,gaokao,official_curriculum_2020,3,官方普通高中日语课程标准词汇表，级别 5
梅雨,つゆ,,,gaokao,official_curriculum_2020,2,官方普通高中日语课程标准词汇表，级别 4
辛い,つらい,,,gaokao,official_curriculum_2020,3,官方普通高中日语课程标准词汇表，级别 5
程度,ていど,,,gaokao,official_curriculum_2020,3,官方普通高中日语课程标准词汇表，级别 5
丁寧,ていねい,,,gaokao,official_curriculum_2020,2,官方普通高中日语课程标准词汇表，级别 4
テーブル,テーブル,,,gaokao,official_curriculum_2020,2,官方普通高中日语课程标准词汇表，级别 4
敵,てき,,,gaokao,official_curriculum_2020,3,官方普通高中日语课程标准词汇表，级别 5
適当,てきとう,,,gaokao,official_curriculum_2020,2,官方普通高中日语课程标准词汇表，级别 4
手続き,てつづき,,,gaokao,official_curriculum_2020,3,官方普通高中日语课程标准词汇表，级别 5
テニス,テニス,,,gaokao,official_curriculum_2020,3,官方普通高中日语课程标准词汇表，级别 5
手袋,てぶくろ,,,gaokao,official_curriculum_2020,2,官方普通高中日语课程标准词汇表，级别 4
寺,てら,,,gaokao,official_curriculum_2020,3,官方普通高中日语课程标准词汇表，级别 5
天気予報,てんきよほう,,,gaokao,official_curriculum_2020,3,官方普通高中日语课程标准词汇表，级别 5
天井,てんじょう,,,gaokao,official_curriculum_2020,2,官方普通高中日语课程标准词汇表，级别 4
伝統,でんとう,,,gaokao,official_curriculum_2020,3,官方普通高中日语课程标准词汇表，级别 5
展覧会,てんらんかい,,,gaokao,official_curriculum_2020,3,官方普通高中日语课程标准词汇表，级别 5
問い,とい,,,gaokao,official_curriculum_2020,3,官方普通高中日语课程标准词汇表，级别 5
道具,どうぐ,,,gaokao,official_curriculum_2020,2,官方普通高中日语课程标准词汇表，级别 4
同時,どうじ,,,gaokao,official_curriculum_2020,3,官方普通高中日语课程标准词汇表，级别 5
当然,とうぜん,,,gaokao,official_curriculum_2020,2,官方普通高中日语课程标准词汇表，级别 4
到着,とうちゃく,,,gaokao,official_curriculum_2020,3,官方普通高中日语课程标准词汇表，级别 5
とうとう,とうとう,,,gaokao,official_curriculum_2020,3,官方普通高中日语课程标准词汇表，级别 5
当番,とうばん,,,gaokao,official_curriculum_2020,2,官方普通高中日语课程标准词汇表，级别 4
道路,どうろ,,,gaokao,official_curriculum_2020,2,官方普通高中日语课程标准词汇表，级别 4
得,とく,,,gaokao,official_curriculum_2020,3,官方普通高中日语课程标准词汇表，级别 5
解く,とく,,,gaokao,official_curriculum_2020,3,官方普通高中日语课程标准词汇表，级别 5
特徴,とくちょう,,,gaokao,official_curriculum_2020,2,官方普通高中日语课程标准词汇表，级别 4
特に,とくに,,,gaokao,official_curriculum_2020,2,官方普通高中日语课程标准词汇表，级别 4
特別,とくべつ,,,gaokao,official_curriculum_2020,2,官方普通高中日语课程标准词汇表，级别 4
独立,どくりつ,,,gaokao,official_curriculum_2020,3,官方普通高中日语课程标准词汇表，级别 5
解ける,とける,,,gaokao,official_curriculum_2020,2,官方普通高中日语课程标准词汇表，级别 4
床の間,とこのま,,,gaokao,official_curriculum_2020,3,官方普通高中日语课程标准词汇表，级别 5
閉じる,とじる,,,gaokao,official_curriculum_2020,3,官方普通高中日语课程标准词汇表，级别 5
土地,とち,,,gaokao,official_curriculum_2020,2,官方普通高中日语课程标准词汇表，级别 4
突然,とつぜん,,,gaokao,official_curriculum_2020,2,官方普通高中日语课程标准词汇表，级别 4
届く,とどく,,,gaokao,official_curriculum_2020,2,官方普通高中日语课程标准词汇表，级别 4
届ける,とどける,,,gaokao,official_curriculum_2020,2,官方普通高中日语课程标准词汇表，级别 4
止める,とめる,,,gaokao,official_curriculum_2020,2,官方普通高中日语课程标准词汇表，级别 4
共に,ともに,,,gaokao,official_curriculum_2020,3,官方普通高中日语课程标准词汇表，级别 5
取り入れる,とりいれる,,,gaokao,official_curriculum_2020,3,官方普通高中日语课程标准词汇表，级别 5
努力,どりょく,,,gaokao,official_curriculum_2020,2,官方普通高中日语课程标准词汇表，级别 4
トレーニング,トレーニング,,,gaokao,official_curriculum_2020,3,官方普通高中日语课程标准词汇表，级别 5
泥棒,どろぼう,,,gaokao,official_curriculum_2020,3,官方普通高中日语课程标准词汇表，级别 5
とんでもない,とんでもない,,,gaokao,official_curriculum_2020,3,官方普通高中日语课程标准词汇表，级别 5
どんどん,どんどん,,,gaokao,official_curriculum_2020,2,官方普通高中日语课程标准词汇表，级别 4
なお,なお,,,gaokao,official_curriculum_2020,3,官方普通高中日语课程标准词汇表，级别 5
治す,なおす,,,gaokao,official_curriculum_2020,2,官方普通高中日语课程标准词汇表，级别 4
治る,なおる,,,gaokao,official_curriculum_2020,2,官方普通高中日语课程标准词汇表，级别 4
流す,ながす,,,gaokao,official_curriculum_2020,2,官方普通高中日语课程标准词汇表，级别 4
なかなか,なかなか,,,gaokao,official_curriculum_2020,3,官方普通高中日语课程标准词汇表，级别 5
眺める,ながめる,,,gaokao,official_curriculum_2020,3,官方普通高中日语课程标准词汇表，级别 5
流れ,ながれ,,,gaokao,official_curriculum_2020,3,官方普通高中日语课程标准词汇表，级别 5
無くす,なくす,,,gaokao,official_curriculum_2020,3,官方普通高中日语课程标准词汇表，级别 5
投げる,なげる,,,gaokao,official_curriculum_2020,3,官方普通高中日语课程标准词汇表，级别 5
懐かしい,なつかしい,,,gaokao,official_curriculum_2020,3,官方普通高中日语课程标准词汇表，级别 5
納得,なっとく,,,gaokao,official_curriculum_2020,3,官方普通高中日语课程标准词汇表，级别 5
斜め,ななめ,,,gaokao,official_curriculum_2020,3,官方普通高中日语课程标准词汇表，级别 5
鍋,なべ,,,gaokao,official_curriculum_2020,3,官方普通高中日语课程标准词汇表，级别 5
生,なま,,,gaokao,official_curriculum_2020,2,官方普通高中日语课程标准词汇表，级别 4
怠ける,なまける,,,gaokao,official_curriculum_2020,3,官方普通高中日语课程标准词汇表，级别 5
生ごみ,なまごみ,,,gaokao,official_curriculum_2020,3,官方普通高中日语课程标准词汇表，级别 5
波,なみ,,,gaokao,official_curriculum_2020,2,官方普通高中日语课程标准词汇表，级别 4
滑らか,なめらか,,,gaokao,official_curriculum_2020,3,官方普通高中日语课程标准词汇表，级别 5
悩む,なやむ,,,gaokao,official_curriculum_2020,3,官方普通高中日语课程标准词汇表，级别 5
なるべく,なるべく,,,gaokao,official_curriculum_2020,3,官方普通高中日语课程标准词汇表，级别 5
なるほど,なるほど,,,gaokao,official_curriculum_2020,2,官方普通高中日语课程标准词汇表，级别 4
似合う,にあう,,,gaokao,official_curriculum_2020,3,官方普通高中日语课程标准词汇表，级别 5
ニーズ,ニーズ,,,gaokao,official_curriculum_2020,3,官方普通高中日语课程标准词汇表，级别 5
苦い,にがい,,,gaokao,official_curriculum_2020,3,官方普通高中日语课程标准词汇表，级别 5
握る,にぎる,,,gaokao,official_curriculum_2020,3,官方普通高中日语课程标准词汇表，级别 5
逃げる,にげる,,,gaokao,official_curriculum_2020,3,官方普通高中日语课程标准词汇表，级别 5
二酸化炭素,にさんかたんそ,,,gaokao,official_curriculum_2020,3,官方普通高中日语课程标准词汇表，级别 5
似る,にる,,,gaokao,official_curriculum_2020,2,官方普通高中日语课程标准词汇表，级别 4
煮る,にる,,,gaokao,official_curriculum_2020,3,官方普通高中日语课程标准词汇表，级别 5
鶏,にわとり,,,gaokao,official_curriculum_2020,3,官方普通高中日语课程标准词汇表，级别 5
人気,にんき,,,gaokao,official_curriculum_2020,2,官方普通高中日语课程标准词汇表，级别 4
抜く,ぬく,,,gaokao,official_curriculum_2020,3,官方普通高中日语课程标准词汇表，级别 5
盗む,ぬすむ,,,gaokao,official_curriculum_2020,3,官方普通高中日语课程标准词汇表，级别 5
塗る,ぬる,,,gaokao,official_curriculum_2020,2,官方普通高中日语课程标准词汇表，级别 4
ぬるい,ぬるい,,,gaokao,official_curriculum_2020,3,官方普通高中日语课程标准词汇表，级别 5
根,ね,,,gaokao,official_curriculum_2020,3,官方普通高中日语课程标准词汇表，级别 5
ネクタイ,ネクタイ,,,gaokao,official_curriculum_2020,2,官方普通高中日语课程标准词汇表，级别 4
熱心,ねっしん,,,gaokao,official_curriculum_2020,2,官方普通高中日语课程标准词汇表，级别 4
眠る,ねむる,,,gaokao,official_curriculum_2020,2,官方普通高中日语课程标准词汇表，级别 4
年配,ねんぱい,,,gaokao,official_curriculum_2020,3,官方普通高中日语课程标准词汇表，级别 5
燃料,ねんりょう,,,gaokao,official_curriculum_2020,3,官方普通高中日语课程标准词汇表，级别 5
農業,のうぎょう,,,gaokao,official_curriculum_2020,3,官方普通高中日语课程标准词汇表，级别 5
能力,のうりょく,,,gaokao,official_curriculum_2020,2,官方普通高中日语课程标准词汇表，级别 4
軒,のき,,,gaokao,official_curriculum_2020,3,官方普通高中日语课程标准词汇表，级别 5
残す,のこす,,,gaokao,official_curriculum_2020,2,官方普通高中日语课程标准词汇表，级别 4
載せる,のせる,,,gaokao,official_curriculum_2020,3,官方普通高中日语课程标准词汇表，级别 5
望む,のぞむ,,,gaokao,official_curriculum_2020,3,官方普通高中日语课程标准词汇表，级别 5
伸ばす,のばす,,,gaokao,official_curriculum_2020,3,官方普通高中日语课程标准词汇表，级别 5
乗り換える,のりかえる,,,gaokao,official_curriculum_2020,3,官方普通高中日语课程标准词汇表，级别 5
乗り越える,のりこえる,,,gaokao,official_curriculum_2020,3,官方普通高中日语课程标准词汇表，级别 5
のんびり,のんびり,,,gaokao,official_curriculum_2020,3,官方普通高中日语课程标准词汇表，级别 5
パーティー,パーティー,,,gaokao,official_curriculum_2020,2,官方普通高中日语课程标准词汇表，级别 4
ハイキング,ハイキング,,,gaokao,official_curriculum_2020,3,官方普通高中日语课程标准词汇表，级别 5
配達,はいたつ,,,gaokao,official_curriculum_2020,3,官方普通高中日语课程标准词汇表，级别 5
売店,ばいてん,,,gaokao,official_curriculum_2020,3,官方普通高中日语课程标准词汇表，级别 5
俳優,はいゆう,,,gaokao,official_curriculum_2020,3,官方普通高中日语课程标准词汇表，级别 5
破壊,はかい,,,gaokao,official_curriculum_2020,3,官方普通高中日语课程标准词汇表，级别 5
計る,はかる,,,gaokao,official_curriculum_2020,3,官方普通高中日语课程标准词汇表，级别 5
掃く,はく,,,gaokao,official_curriculum_2020,3,官方普通高中日语课程标准词汇表，级别 5
激しい,はげしい,,,gaokao,official_curriculum_2020,3,官方普通高中日语课程标准词汇表，级别 5
励ます,はげます,,,gaokao,official_curriculum_2020,3,官方普通高中日语课程标准词汇表，级别 5
励む,はげむ,,,gaokao,official_curriculum_2020,3,官方普通高中日语课程标准词汇表，级别 5
端,はし,,,gaokao,official_curriculum_2020,3,官方普通高中日语课程标准词汇表，级别 5
恥,はじ,,,gaokao,official_curriculum_2020,3,官方普通高中日语课程标准词汇表，级别 5
柱,はしら,,,gaokao,official_curriculum_2020,3,官方普通高中日语课程标准词汇表，级别 5
外す,はずす,,,gaokao,official_curriculum_2020,3,官方普通高中日语课程标准词汇表，级别 5
外れる,はずれる,,,gaokao,official_curriculum_2020,3,官方普通高中日语课程标准词汇表，级别 5
裸,はだか,,,gaokao,official_curriculum_2020,2,官方普通高中日语课程标准词汇表，级别 4
果たす,はたす,,,gaokao,official_curriculum_2020,3,官方普通高中日语课程标准词汇表，级别 5
発見,はっけん,,,gaokao,official_curriculum_2020,2,官方普通高中日语课程标准词汇表，级别 4
発達,はったつ,,,gaokao,official_curriculum_2020,3,官方普通高中日语课程标准词汇表，级别 5
発展,はってん,,,gaokao,official_curriculum_2020,2,官方普通高中日语课程标准词汇表，级别 4
発表,はっぴょう,,,gaokao,official_curriculum_2020,2,官方普通高中日语课程标准词汇表，级别 4
発明,はつめい,,,gaokao,official_curriculum_2020,3,官方普通高中日语课程标准词汇表，级别 5
初詣,はつもうで,,,gaokao,official_curriculum_2020,3,官方普通高中日语课程标准词汇表，级别 5
派手,はで,,,gaokao,official_curriculum_2020,3,官方普通高中日语课程标准词汇表，级别 5
離れる,はなれる,,,gaokao,official_curriculum_2020,2,官方普通高中日语课程标准词汇表，级别 4
羽根,はね,,,gaokao,official_curriculum_2020,3,官方普通高中日语课程标准词汇表，级别 5
幅,はば,,,gaokao,official_curriculum_2020,2,官方普通高中日语课程标准词汇表，级别 4
はめる,はめる,,,gaokao,official_curriculum_2020,3,官方普通高中日语课程标准词汇表，级别 5
林,はやし,,,gaokao,official_curriculum_2020,2,官方普通高中日语课程标准词汇表，级别 4
はやる,はやる,,,gaokao,official_curriculum_2020,2,官方普通高中日语课程标准词汇表，级别 4
腹,はら,,,gaokao,official_curriculum_2020,3,官方普通高中日语课程标准词汇表，级别 5
ばらばら,ばらばら,,,gaokao,official_curriculum_2020,3,官方普通高中日语课程标准词汇表，级别 5
バランス,バランス,,,gaokao,official_curriculum_2020,3,官方普通高中日语课程标准词汇表，级别 5
範囲,はんい,,,gaokao,official_curriculum_2020,2,官方普通高中日语课程标准词汇表，级别 4
ハンカチ,ハンカチ,,,gaokao,official_curriculum_2020,2,官方普通高中日语课程标准词汇表，级别 4
反省,はんせい,,,gaokao,official_curriculum_2020,2,官方普通高中日语课程标准词汇表，级别 4
判断,はんだん,,,gaokao,official_curriculum_2020,3,官方普通高中日语课程标准词汇表，级别 5
ビール,ビール,,,gaokao,official_curriculum_2020,3,官方普通高中日语课程标准词汇表，级别 5
冷える,ひえる,,,gaokao,official_curriculum_2020,3,官方普通高中日语课程标准词汇表，级别 5
日帰り,ひがえり,,,gaokao,official_curriculum_2020,3,官方普通高中日语课程标准词汇表，级别 5
比較,ひかく,,,gaokao,official_curriculum_2020,2,官方普通高中日语课程标准词汇表，级别 4
光る,ひかる,,,gaokao,official_curriculum_2020,3,官方普通高中日语课程标准词汇表，级别 5
引き出し,ひきだし,,,gaokao,official_curriculum_2020,2,官方普通高中日语课程标准词汇表，级别 4
被災地,ひさいち,,,gaokao,official_curriculum_2020,3,官方普通高中日语课程标准词汇表，级别 5
美術,びじゅつ,,,gaokao,official_curriculum_2020,2,官方普通高中日语课程标准词汇表，级别 4
非常に,ひじょうに,,,gaokao,official_curriculum_2020,3,官方普通高中日语课程标准词汇表，级别 5
筆記試験,ひっきしけん,,,gaokao,official_curriculum_2020,3,官方普通高中日语课程标准词汇表，级别 5
必要,ひつよう,,,gaokao,official_curriculum_2020,2,官方普通高中日语课程标准词汇表，级别 4
ひどい,ひどい,,,gaokao,official_curriculum_2020,2,官方普通高中日语课程标准词汇表，级别 4
人柄,ひとがら,,,gaokao,official_curriculum_2020,3,官方普通高中日语课程标准词汇表，级别 5
人々,ひとびと,,,gaokao,official_curriculum_2020,3,官方普通高中日语课程标准词汇表，级别 5
ひな祭り,ひなまつり,,,gaokao,official_curriculum_2020,3,官方普通高中日语课程标准词汇表，级别 5
ビニール,ビニール,,,gaokao,official_curriculum_2020,3,官方普通高中日语课程标准词汇表，级别 5
ひも,ひも,,,gaokao,official_curriculum_2020,2,官方普通高中日语课程标准词汇表，级别 4
冷やす,ひやす,,,gaokao,official_curriculum_2020,2,官方普通高中日语课程标准词汇表，级别 4
費用,ひよう,,,gaokao,official_curriculum_2020,3,官方普通高中日语课程标准词汇表，级别 5
表現,ひょうげん,,,gaokao,official_curriculum_2020,3,官方普通高中日语课程标准词汇表，级别 5
評判,ひょうばん,,,gaokao,official_curriculum_2020,3,官方普通高中日语课程标准词汇表，级别 5
表面,ひょうめん,,,gaokao,official_curriculum_2020,3,官方普通高中日语课程标准词汇表，级别 5
広がる,ひろがる,,,gaokao,official_curriculum_2020,2,官方普通高中日语课程标准词汇表，级别 4
瓶,びん,,,gaokao,official_curriculum_2020,2,官方普通高中日语课程标准词汇表，级别 4
貧乏,びんぼう,,,gaokao,official_curriculum_2020,3,官方普通高中日语课程标准词汇表，级别 5
不安,ふあん,,,gaokao,official_curriculum_2020,3,官方普通高中日语课程标准词汇表，级别 5
夫婦,ふうふ,,,gaokao,official_curriculum_2020,2,官方普通高中日语课程标准词汇表，级别 4
ブーム,ブーム,,,gaokao,official_curriculum_2020,3,官方普通高中日语课程标准词汇表，级别 5
プール,プール,,,gaokao,official_curriculum_2020,2,官方普通高中日语课程标准词汇表，级别 4
増える,ふえる,,,gaokao,official_curriculum_2020,2,官方普通高中日语课程标准词汇表，级别 4
部活,ぶかつ,,,gaokao,official_curriculum_2020,3,官方普通高中日语课程标准词汇表，级别 5
複雑,ふくざつ,,,gaokao,official_curriculum_2020,2,官方普通高中日语课程标准词汇表，级别 4
復習,ふくしゅう,,,gaokao,official_curriculum_2020,2,官方普通高中日语课程标准词汇表，级别 4
服装,ふくそう,,,gaokao,official_curriculum_2020,3,官方普通高中日语课程标准词汇表，级别 5
含む,ふくむ,,,gaokao,official_curriculum_2020,3,官方普通高中日语课程标准词汇表，级别 5
不思議,ふしぎ,,,gaokao,official_curriculum_2020,2,官方普通高中日语课程标准词汇表，级别 4
防ぐ,ふせぐ,,,gaokao,official_curriculum_2020,3,官方普通高中日语课程标准词汇表，级别 5
蓋,ふた,,,gaokao,official_curriculum_2020,3,官方普通高中日语课程标准词汇表，级别 5
ふだん,ふだん,,,gaokao,official_curriculum_2020,2,官方普通高中日语课程标准词汇表，级别 4
ぶつかる,ぶつかる,,,gaokao,official_curriculum_2020,3,官方普通高中日语课程标准词汇表，级别 5
物理,ぶつり,,,gaokao,official_curriculum_2020,3,官方普通高中日语课程标准词汇表，级别 5
ぶどう,ぶどう,,,gaokao,official_curriculum_2020,3,官方普通高中日语课程标准词汇表，级别 5
太る,ふとる,,,gaokao,official_curriculum_2020,3,官方普通高中日语课程标准词汇表，级别 5
布団,ふとん,,,gaokao,official_curriculum_2020,2,官方普通高中日语课程标准词汇表，级别 4
部分,ぶぶん,,,gaokao,official_curriculum_2020,3,官方普通高中日语课程标准词汇表，级别 5
踏む,ふむ,,,gaokao,official_curriculum_2020,2,官方普通高中日语课程标准词汇表，级别 4
増やす,ふやす,,,gaokao,official_curriculum_2020,3,官方普通高中日语课程标准词汇表，级别 5
プラスチック,プラスチック,,,gaokao,official_curriculum_2020,3,官方普通高中日语课程标准词汇表，级别 5
振る,ふる,,,gaokao,official_curriculum_2020,3,官方普通高中日语课程标准词汇表，级别 5
触れ合い,ふれあい,,,gaokao,official_curriculum_2020,3,官方普通高中日语课程标准词汇表，级别 5
文化祭,ぶんかさい,,,gaokao,official_curriculum_2020,3,官方普通高中日语课程标准词汇表，级别 5
分析,ぶんせき,,,gaokao,official_curriculum_2020,3,官方普通高中日语课程标准词汇表，级别 5
分類,ぶんるい,,,gaokao,official_curriculum_2020,3,官方普通高中日语课程标准词汇表，级别 5
平気,へいき,,,gaokao,official_curriculum_2020,3,官方普通高中日语课程标准词汇表，级别 5
平均,へいきん,,,gaokao,official_curriculum_2020,3,官方普通高中日语课程标准词汇表，级别 5
平行,へいこう,,,gaokao,official_curriculum_2020,3,官方普通高中日语课程标准词汇表，级别 5
ベストセラー,ベストセラー,,,gaokao,official_curriculum_2020,3,官方普通高中日语课程标准词汇表，级别 5
減らす,へらす,,,gaokao,official_curriculum_2020,3,官方普通高中日语课程标准词汇表，级别 5
減る,へる,,,gaokao,official_curriculum_2020,2,官方普通高中日语课程标准词汇表，级别 4
変,へん,,,gaokao,official_curriculum_2020,3,官方普通高中日语课程标准词汇表，级别 5
貿易,ぼうえき,,,gaokao,official_curriculum_2020,3,官方普通高中日语课程标准词汇表，级别 5
崩壊,ほうかい,,,gaokao,official_curriculum_2020,3,官方普通高中日语课程标准词汇表，级别 5
方向,ほうこう,,,gaokao,official_curriculum_2020,2,官方普通高中日语课程标准词汇表，级别 4
報道,ほうどう,,,gaokao,official_curriculum_2020,3,官方普通高中日语课程标准词汇表，级别 5
方法,ほうほう,,,gaokao,official_curriculum_2020,2,官方普通高中日语课程标准词汇表，级别 4
訪問,ほうもん,,,gaokao,official_curriculum_2020,3,官方普通高中日语课程标准词汇表，级别 5
法律,ほうりつ,,,gaokao,official_curriculum_2020,3,官方普通高中日语课程标准词汇表，级别 5
ホームステイ,ホームステイ,,,gaokao,official_curriculum_2020,3,官方普通高中日语课程标准词汇表，级别 5
ポケット,ポケット,,,gaokao,official_curriculum_2020,2,官方普通高中日语课程标准词汇表，级别 4
保護,ほご,,,gaokao,official_curriculum_2020,2,官方普通高中日语课程标准词汇表，级别 4
誇り,ほこり,,,gaokao,official_curriculum_2020,3,官方普通高中日语课程标准词汇表，级别 5
保存,ほぞん,,,gaokao,official_curriculum_2020,3,官方普通高中日语课程标准词汇表，级别 5
ボタン,ボタン,,,gaokao,official_curriculum_2020,2,官方普通高中日语课程标准词汇表，级别 4
ほっと,ほっと,,,gaokao,official_curriculum_2020,3,官方普通高中日语课程标准词汇表，级别 5
ホテル,ホテル,,,gaokao,official_curriculum_2020,2,官方普通高中日语课程标准词汇表，级别 4
歩道,ほどう,,,gaokao,official_curriculum_2020,2,官方普通高中日语课程标准词汇表，级别 4
骨,ほね,,,gaokao,official_curriculum_2020,2,官方普通高中日语课程标准词汇表，级别 4
褒める,ほめる,,,gaokao,official_curriculum_2020,2,官方普通高中日语课程标准词汇表，级别 4
ボランティア,ボランティア,,,gaokao,official_curriculum_2020,2,官方普通高中日语课程标准词汇表，级别 4
掘る,ほる,,,gaokao,official_curriculum_2020,3,官方普通高中日语课程标准词汇表，级别 5
参る,まいる,,,gaokao,official_curriculum_2020,3,官方普通高中日语课程标准词汇表，级别 5
曲がる,まがる,,,gaokao,official_curriculum_2020,2,官方普通高中日语课程标准词汇表，级别 4
巻く,まく,,,gaokao,official_curriculum_2020,2,官方普通高中日语课程标准词汇表，级别 4
枕,まくら,,,gaokao,official_curriculum_2020,2,官方普通高中日语课程标准词汇表，级别 4
孫,まご,,,gaokao,official_curriculum_2020,2,官方普通高中日语课程标准词汇表，级别 4
摩擦,まさつ,,,gaokao,official_curriculum_2020,3,官方普通高中日语课程标准词汇表，级别 5
まずい,まずい,,,gaokao,official_curriculum_2020,3,官方普通高中日语课程标准词汇表，级别 5
貧しい,まずしい,,,gaokao,official_curriculum_2020,2,官方普通高中日语课程标准词汇表，级别 4
ますます,ますます,,,gaokao,official_curriculum_2020,3,官方普通高中日语课程标准词汇表，级别 5
混ぜる,まぜる,,,gaokao,official_curriculum_2020,3,官方普通高中日语课程标准词汇表，级别 5
間違える,まちがえる,,,gaokao,official_curriculum_2020,2,官方普通高中日语课程标准词汇表，级别 4
まったく,まったく,,,gaokao,official_curriculum_2020,2,官方普通高中日语课程标准词汇表，级别 4
祭り,まつり,,,gaokao,official_curriculum_2020,3,官方普通高中日语课程标准词汇表，级别 5
まとめる,まとめる,,,gaokao,official_curriculum_2020,2,官方普通高中日语课程标准词汇表，级别 4
マナー,マナー,,,gaokao,official_curriculum_2020,3,官方普通高中日语课程标准词汇表，级别 5
豆,まめ,,,gaokao,official_curriculum_2020,2,官方普通高中日语课程标准词汇表，级别 4
迷う,まよう,,,gaokao,official_curriculum_2020,3,官方普通高中日语课程标准词汇表，级别 5
まるで,まるで,,,gaokao,official_curriculum_2020,2,官方普通高中日语课程标准词汇表，级别 4
回す,まわす,,,gaokao,official_curriculum_2020,3,官方普通高中日语课程标准词汇表，级别 5
周り,まわり,,,gaokao,official_curriculum_2020,2,官方普通高中日语课程标准词汇表，级别 4
回る,まわる,,,gaokao,official_curriculum_2020,3,官方普通高中日语课程标准词汇表，级别 5
満足,まんぞく,,,gaokao,official_curriculum_2020,2,官方普通高中日语课程标准词汇表，级别 4
見かける,みかける,,,gaokao,official_curriculum_2020,3,官方普通高中日语课程标准词汇表，级别 5
味方,みかた,,,gaokao,official_curriculum_2020,3,官方普通高中日语课程标准词汇表，级别 5
見せる,みせる,,,gaokao,official_curriculum_2020,2,官方普通高中日语课程标准词汇表，级别 4
見つかる,みつかる,,,gaokao,official_curriculum_2020,3,官方普通高中日语课程标准词汇表，级别 5
見つける,みつける,,,gaokao,official_curriculum_2020,2,官方普通高中日语课程标准词汇表，级别 4
認める,みとめる,,,gaokao,official_curriculum_2020,3,官方普通高中日语课程标准词汇表，级别 5
港,みなと,,,gaokao,official_curriculum_2020,2,官方普通高中日语课程标准词汇表，级别 4
身分,みぶん,,,gaokao,official_curriculum_2020,3,官方普通高中日语课程标准词汇表，级别 5
未来,みらい,,,gaokao,official_curriculum_2020,3,官方普通高中日语课程标准词汇表，级别 5
魅力,みりょく,,,gaokao,official_curriculum_2020,3,官方普通高中日语课程标准词汇表，级别 5
民族,みんぞく,,,gaokao,official_curriculum_2020,2,官方普通高中日语课程标准词汇表，级别 4
向かう,むかう,,,gaokao,official_curriculum_2020,2,官方普通高中日语课程标准词汇表，级别 4
向く,むく,,,gaokao,official_curriculum_2020,3,官方普通高中日语课程标准词汇表，级别 5
向ける,むける,,,gaokao,official_curriculum_2020,3,官方普通高中日语课程标准词汇表，级别 5
結ぶ,むすぶ,,,gaokao,official_curriculum_2020,2,官方普通高中日语课程标准词汇表，级别 4
無駄,むだ,,,gaokao,official_curriculum_2020,2,官方普通高中日语课程标准词汇表，级别 4
胸,むね,,,gaokao,official_curriculum_2020,2,官方普通高中日语课程标准词汇表，级别 4
無理,むり,,,gaokao,official_curriculum_2020,2,官方普通高中日语课程标准词汇表，级别 4
芽,め,,,gaokao,official_curriculum_2020,3,官方普通高中日语课程标准词汇表，级别 5
命令,めいれい,,,gaokao,official_curriculum_2020,2,官方普通高中日语课程标准词汇表，级别 4
迷惑,めいわく,,,gaokao,official_curriculum_2020,3,官方普通高中日语课程标准词汇表，级别 5
恵まれる,めぐまれる,,,gaokao,official_curriculum_2020,3,官方普通高中日语课程标准词汇表，级别 5
目立つ,めだつ,,,gaokao,official_curriculum_2020,3,官方普通高中日语课程标准词汇表，级别 5
めでたい,めでたい,,,gaokao,official_curriculum_2020,3,官方普通高中日语课程标准词汇表，级别 5
面接,めんせつ,,,gaokao,official_curriculum_2020,3,官方普通高中日语课程标准词汇表，级别 5
めんどう,めんどう,,,gaokao,official_curriculum_2020,2,官方普通高中日语课程标准词汇表，级别 4
設ける,もうける,,,gaokao,official_curriculum_2020,3,官方普通高中日语课程标准词汇表，级别 5
申し訳ない,もうしわけない,,,gaokao,official_curriculum_2020,3,官方普通高中日语课程标准词汇表，级别 5
毛布,もうふ,,,gaokao,official_curriculum_2020,2,官方普通高中日语课程标准词汇表，级别 4
燃える,もえる,,,gaokao,official_curriculum_2020,2,官方普通高中日语课程标准词汇表，级别 4
目的,もくてき,,,gaokao,official_curriculum_2020,3,官方普通高中日语课程标准词汇表，级别 5
潜る,もぐる,,,gaokao,official_curriculum_2020,3,官方普通高中日语课程标准词汇表，级别 5
もし,もし,,,gaokao,official_curriculum_2020,2,官方普通高中日语课程标准词汇表，级别 4
文字,もじ,,,gaokao,official_curriculum_2020,3,官方普通高中日语课程标准词汇表，级别 5
もたらす,もたらす,,,gaokao,official_curriculum_2020,3,官方普通高中日语课程标准词汇表，级别 5
用いる,もちいる,,,gaokao,official_curriculum_2020,3,官方普通高中日语课程标准词汇表，级别 5
もちろん,もちろん,,,gaokao,official_curriculum_2020,2,官方普通高中日语课程标准词汇表，级别 4
最も,もっとも,,,gaokao,official_curriculum_2020,3,官方普通高中日语课程标准词汇表，级别 5
求める,もとめる,,,gaokao,official_curriculum_2020,2,官方普通高中日语课程标准词汇表，级别 4
物語,ものがたり,,,gaokao,official_curriculum_2020,3,官方普通高中日语课程标准词汇表，级别 5
紅葉,もみじ,,,gaokao,official_curriculum_2020,3,官方普通高中日语课程标准词汇表，级别 5
燃やす,もやす,,,gaokao,official_curriculum_2020,3,官方普通高中日语课程标准词汇表，级别 5
模様,もよう,,,gaokao,official_curriculum_2020,3,官方普通高中日语课程标准词汇表，级别 5
門,もん,,,gaokao,official_curriculum_2020,2,官方普通高中日语课程标准词汇表，级别 4
やがて,やがて,,,gaokao,official_curriculum_2020,3,官方普通高中日语课程标准词汇表，级别 5
やかましい,やかましい,,,gaokao,official_curriculum_2020,3,官方普通高中日语课程标准词汇表，级别 5
役,やく,,,gaokao,official_curriculum_2020,2,官方普通高中日语课程标准词汇表，级别 4
焼く,やく,,,gaokao,official_curriculum_2020,3,官方普通高中日语课程标准词汇表，级别 5
役所,やくしょ,,,gaokao,official_curriculum_2020,2,官方普通高中日语课程标准词汇表，级别 4
役割,やくわり,,,gaokao,official_curriculum_2020,3,官方普通高中日语课程标准词汇表，级别 5
養う,やしなう,,,gaokao,official_curriculum_2020,3,官方普通高中日语课程标准词汇表，级别 5
痩せる,やせる,,,gaokao,official_curriculum_2020,3,官方普通高中日语课程标准词汇表，级别 5
薬局,やっきょく,,,gaokao,official_curriculum_2020,3,官方普通高中日语课程标准词汇表，级别 5
やっと,やっと,,,gaokao,official_curriculum_2020,3,官方普通高中日语课程标准词汇表，级别 5
屋根,やね,,,gaokao,official_curriculum_2020,3,官方普通高中日语课程标准词汇表，级别 5
やはり,やはり,,,gaokao,official_curriculum_2020,2,官方普通高中日语课程标准词汇表，级别 4
破る,やぶる,,,gaokao,official_curriculum_2020,2,官方普通高中日语课程标准词汇表，级别 4
破れる,やぶれる,,,gaokao,official_curriculum_2020,3,官方普通高中日语课程标准词汇表，级别 5
やむ,やむ,,,gaokao,official_curriculum_2020,3,官方普通高中日语课程标准词汇表，级别 5
床,ゆか,,,gaokao,official_curriculum_2020,2,官方普通高中日语课程标准词汇表，级别 4
愉快,ゆかい,,,gaokao,official_curriculum_2020,2,官方普通高中日语课程标准词汇表，级别 4
浴衣,ゆかた,,,gaokao,official_curriculum_2020,3,官方普通高中日语课程标准词汇表，级别 5
輸出,ゆしゅつ,,,gaokao,official_curriculum_2020,3,官方普通高中日语课程标准词汇表，级别 5
ユニーク,ユニーク,,,gaokao,official_curriculum_2020,3,官方普通高中日语课程标准词汇表，级别 5
輸入,ゆにゅう,,,gaokao,official_curriculum_2020,3,官方普通高中日语课程标准词汇表，级别 5
由来,ゆらい,,,gaokao,official_curriculum_2020,3,官方普通高中日语课程标准词汇表，级别 5
緩い,ゆるい,,,gaokao,official_curriculum_2020,3,官方普通高中日语课程标准词汇表，级别 5
許す,ゆるす,,,gaokao,official_curriculum_2020,3,官方普通高中日语课程标准词汇表，级别 5
揺れる,ゆれる,,,gaokao,official_curriculum_2020,3,官方普通高中日语课程标准词汇表，级别 5
用意,ようい,,,gaokao,official_curriculum_2020,2,官方普通高中日语课程标准词汇表，级别 4
要求,ようきゅう,,,gaokao,official_curriculum_2020,3,官方普通高中日语课程标准词汇表，级别 5
用事,ようじ,,,gaokao,official_curriculum_2020,3,官方普通高中日语课程标准词汇表，级别 5
様子,ようす,,,gaokao,official_curriculum_2020,2,官方普通高中日语课程标准词汇表，级别 4
洋服,ようふく,,,gaokao,official_curriculum_2020,2,官方普通高中日语课程标准词汇表，级别 4
ようやく,ようやく,,,gaokao,official_curriculum_2020,3,官方普通高中日语课程标准词汇表，级别 5
よく,よく,,,gaokao,official_curriculum_2020,2,官方普通高中日语课程标准词汇表，级别 4
汚れる,よごれる,,,gaokao,official_curriculum_2020,2,官方普通高中日语课程标准词汇表，级别 4
予算,よさん,,,gaokao,official_curriculum_2020,3,官方普通高中日语课程标准词汇表，级别 5
予習,よしゅう,,,gaokao,official_curriculum_2020,2,官方普通高中日语课程标准词汇表，级别 4
予想,よそう,,,gaokao,official_curriculum_2020,2,官方普通高中日语课程标准词汇表，级别 4
予定,よてい,,,gaokao,official_curriculum_2020,2,官方普通高中日语课程标准词汇表，级别 4
予防,よぼう,,,gaokao,official_curriculum_2020,3,官方普通高中日语课程标准词汇表，级别 5
よほど,よほど,,,gaokao,official_curriculum_2020,3,官方普通高中日语课程标准词汇表，级别 5
寄る,よる,,,gaokao,official_curriculum_2020,3,官方普通高中日语课程标准词汇表，级别 5
楽,らく,,,gaokao,official_curriculum_2020,2,官方普通高中日语课程标准词汇表，级别 4
利益,りえき,,,gaokao,official_curriculum_2020,3,官方普通高中日语课程标准词汇表，级别 5
理解,りかい,,,gaokao,official_curriculum_2020,2,官方普通高中日语课程标准词汇表，级别 4
リサイクル,リサイクル,,,gaokao,official_curriculum_2020,3,官方普通高中日语课程标准词汇表，级别 5
理想,りそう,,,gaokao,official_curriculum_2020,2,官方普通高中日语课程标准词汇表，级别 4
立派,りっぱ,,,gaokao,official_curriculum_2020,2,官方普通高中日语课程标准词汇表，级别 4
リハーサル,リハーサル,,,gaokao,official_curriculum_2020,3,官方普通高中日语课程标准词汇表，级别 5
理由,りゆう,,,gaokao,official_curriculum_2020,2,官方普通高中日语课程标准词汇表，级别 4
留学,りゅうがく,,,gaokao,official_curriculum_2020,2,官方普通高中日语课程标准词汇表，级别 4
流行,りゅうこう,,,gaokao,official_curriculum_2020,2,官方普通高中日语课程标准词汇表，级别 4
量,りょう,,,gaokao,official_curriculum_2020,2,官方普通高中日语课程标准词汇表，级别 4
利用,りよう,,,gaokao,official_curriculum_2020,2,官方普通高中日语课程标准词汇表，级别 4
了解,りょうかい,,,gaokao,official_curriculum_2020,3,官方普通高中日语课程标准词汇表，级别 5
両替,りょうがえ,,,gaokao,official_curriculum_2020,3,官方普通高中日语课程标准词汇表，级别 5
料金,りょうきん,,,gaokao,official_curriculum_2020,2,官方普通高中日语课程标准词汇表，级别 4
両親,りょうしん,,,gaokao,official_curriculum_2020,2,官方普通高中日语课程标准词汇表，级别 4
両方,りょうほう,,,gaokao,official_curriculum_2020,3,官方普通高中日语课程标准词汇表，级别 5
旅館,りょかん,,,gaokao,official_curriculum_2020,2,官方普通高中日语课程标准词汇表，级别 4
リラックス,リラックス,,,gaokao,official_curriculum_2020,3,官方普通高中日语课程标准词汇表，级别 5
理論,りろん,,,gaokao,official_curriculum_2020,3,官方普通高中日语课程标准词汇表，级别 5
ルール,ルール,,,gaokao,official_curriculum_2020,3,官方普通高中日语课程标准词汇表，级别 5
留守,るす,,,gaokao,official_curriculum_2020,3,官方普通高中日语课程标准词汇表，级别 5
零,れい,,,gaokao,official_curriculum_2020,3,官方普通高中日语课程标准词汇表，级别 5
礼儀,れいぎ,,,gaokao,official_curriculum_2020,3,官方普通高中日语课程标准词汇表，级别 5
冷蔵庫,れいぞうこ,,,gaokao,official_curriculum_2020,2,官方普通高中日语课程标准词汇表，级别 4
レジャー,レジャー,,,gaokao,official_curriculum_2020,3,官方普通高中日语课程标准词汇表，级别 5
レストラン,レストラン,,,gaokao,official_curriculum_2020,2,官方普通高中日语课程标准词汇表，级别 4
連休,れんきゅう,,,gaokao,official_curriculum_2020,3,官方普通高中日语课程标准词汇表，级别 5
連絡,れんらく,,,gaokao,official_curriculum_2020,2,官方普通高中日语课程标准词汇表，级别 4
老人,ろうじん,,,gaokao,official_curriculum_2020,3,官方普通高中日语课程标准词汇表，级别 5
労働,ろうどう,,,gaokao,official_curriculum_2020,2,官方普通高中日语课程标准词汇表，级别 4
ワイシャツ,ワイシャツ,,,gaokao,official_curriculum_2020,2,官方普通高中日语课程标准词汇表，级别 4
沸かす,わかす,,,gaokao,official_curriculum_2020,3,官方普通高中日语课程标准词汇表，级别 5
わがまま,わがまま,,,gaokao,official_curriculum_2020,2,官方普通高中日语课程标准词汇表，级别 4
若者,わかもの,,,gaokao,official_curriculum_2020,3,官方普通高中日语课程标准词汇表，级别 5
分かれる,わかれる,,,gaokao,official_curriculum_2020,3,官方普通高中日语课程标准词汇表，级别 5
湧く,わく,,,gaokao,official_curriculum_2020,3,官方普通高中日语课程标准词汇表，级别 5
分ける,わける,,,gaokao,official_curriculum_2020,2,官方普通高中日语课程标准词汇表，级别 4
和室,わしつ,,,gaokao,official_curriculum_2020,3,官方普通高中日语课程标准词汇表，级别 5
話題,わだい,,,gaokao,official_curriculum_2020,3,官方普通高中日语课程标准词汇表，级别 5
割合,わりあい,,,gaokao,official_curriculum_2020,3,官方普通高中日语课程标准词汇表，级别 5
割り勘,わりかん,,,gaokao,official_curriculum_2020,3,官方普通高中日语课程标准词汇表，级别 5
割引,わりびき,,,gaokao,official_curriculum_2020,3,官方普通高中日语课程标准词汇表，级别 5
割る,わる,,,gaokao,official_curriculum_2020,3,官方普通高中日语课程标准词汇表，级别 5
割れる,われる,,,gaokao,official_curriculum_2020,3,官方普通高中日语课程标准词汇表，级别 5
